-- phpMyAdmin SQL Dump
-- version 5.2.1
-- https://www.phpmyadmin.net/
--
-- Host: 127.0.0.1
-- Generation Time: Mar 04, 2026 at 09:11 AM
-- Server version: 10.4.32-MariaDB
-- PHP Version: 8.1.25

SET SQL_MODE = "NO_AUTO_VALUE_ON_ZERO";
START TRANSACTION;
SET time_zone = "+00:00";


/*!40101 SET @OLD_CHARACTER_SET_CLIENT=@@CHARACTER_SET_CLIENT */;
/*!40101 SET @OLD_CHARACTER_SET_RESULTS=@@CHARACTER_SET_RESULTS */;
/*!40101 SET @OLD_COLLATION_CONNECTION=@@COLLATION_CONNECTION */;
/*!40101 SET NAMES utf8mb4 */;

--
-- Database: `sppd`
--

-- --------------------------------------------------------

--
-- Table structure for table `cache`
--

CREATE TABLE `cache` (
  `key` varchar(255) NOT NULL,
  `value` mediumtext DEFAULT NULL,
  `expiration` int(11) DEFAULT NULL
) ENGINE=InnoDB DEFAULT CHARSET=utf8mb4 COLLATE=utf8mb4_general_ci;

--
-- Dumping data for table `cache`
--

INSERT INTO `cache` (`key`, `value`, `expiration`) VALUES
('laravel-cache-abdiguchy@gmail.com|127.0.0.1', 'i:2;', 1771693841),
('laravel-cache-abdiguchy@gmail.com|127.0.0.1:timer', 'i:1771693841;', 1771693841),
('laravel-cache-admin@company.com|127.0.0.1', 'i:4;', 1772198339),
('laravel-cache-admin@company.com|127.0.0.1:timer', 'i:1772198339;', 1772198339),
('laravel-cache-geo_cities_id_098f6bcd4621d373cade4e832627b4f6', 'a:0:{}', 1771791506),
('laravel-cache-geo_cities_id_0a088a74898ac98fb4cb3f8aedd4670d', 'a:0:{}', 1771787062),
('laravel-cache-geo_cities_id_178bff5032fb4a3111c031446a369f79', 'a:2:{i:0;a:4:{s:4:\"name\";s:14:\"Kota Surakarta\";s:3:\"lat\";d:-7.55;s:3:\"lon\";d:110.81667;s:4:\"type\";s:7:\"regency\";}i:1;a:4:{s:4:\"name\";s:13:\"Kota Surabaya\";s:3:\"lat\";d:-7.26667;s:3:\"lon\";d:112.71667;s:4:\"type\";s:7:\"regency\";}}', 1772285141),
('laravel-cache-geo_cities_id_1a699ad5e06aa8a6db3bcf9cfb2f00f2', 'a:1:{i:0;a:4:{s:4:\"name\";s:18:\"Kabupaten Boyolali\";s:3:\"lat\";d:-7.5;s:3:\"lon\";d:110.7;s:4:\"type\";s:7:\"regency\";}}', 1771791512),
('laravel-cache-geo_cities_id_1d5e0e3e672dba08970419745a246742', 'a:1:{i:0;a:4:{s:4:\"name\";s:30:\"Kabupaten Tanjung Jabung Timur\";s:3:\"lat\";d:-1.13198;s:3:\"lon\";d:103.61755;s:4:\"type\";s:7:\"regency\";}}', 1771856166),
('laravel-cache-geo_cities_id_28b662d883b6d76fd96e4ddc5e9ba780', 'a:0:{}', 1771791507),
('laravel-cache-geo_cities_id_3cfcaa7aa9d17089d1f09c47cd9b0f45', 'a:5:{i:0;a:4:{s:4:\"name\";s:20:\"Kota Jakarta Selatan\";s:3:\"lat\";d:-6.266;s:3:\"lon\";d:106.8135;s:4:\"type\";s:7:\"regency\";}i:1;a:4:{s:4:\"name\";s:18:\"Kota Jakarta Timur\";s:3:\"lat\";d:-6.2521;s:3:\"lon\";d:106.884;s:4:\"type\";s:7:\"regency\";}i:2;a:4:{s:4:\"name\";s:18:\"Kota Jakarta Pusat\";s:3:\"lat\";d:-6.1777;s:3:\"lon\";d:106.8403;s:4:\"type\";s:7:\"regency\";}i:3;a:4:{s:4:\"name\";s:18:\"Kota Jakarta Barat\";s:3:\"lat\";d:-6.1676;s:3:\"lon\";d:106.7673;s:4:\"type\";s:7:\"regency\";}i:4;a:4:{s:4:\"name\";s:18:\"Kota Jakarta Utara\";s:3:\"lat\";d:-6.1339;s:3:\"lon\";d:106.8823;s:4:\"type\";s:7:\"regency\";}}', 1772285135),
('laravel-cache-geo_cities_id_3e7579f10b893ca7b98cf2ecfa774c9c', 'a:2:{i:0;a:4:{s:4:\"name\";s:18:\"Kota Tebing Tinggi\";s:3:\"lat\";d:3.325;s:3:\"lon\";d:99.14167;s:4:\"type\";s:7:\"regency\";}i:1;a:4:{s:4:\"name\";s:14:\"Kabupaten Tebo\";s:3:\"lat\";d:-1.45576;s:3:\"lon\";d:102.37473;s:4:\"type\";s:7:\"regency\";}}', 1771791672),
('laravel-cache-geo_cities_id_4317652e7e08e3edc6d6e607122d7500', 'a:12:{i:0;a:4:{s:4:\"name\";s:15:\"Kota Banda Aceh\";s:3:\"lat\";d:5.54167;s:3:\"lon\";d:95.33333;s:4:\"type\";s:7:\"regency\";}i:1;a:4:{s:4:\"name\";s:11:\"Kota Sabang\";s:3:\"lat\";d:5.82164;s:3:\"lon\";d:95.31086;s:4:\"type\";s:7:\"regency\";}i:2;a:4:{s:4:\"name\";s:28:\"Kabupaten Humbang Hasundutan\";s:3:\"lat\";d:2.26551;s:3:\"lon\";d:98.50376;s:4:\"type\";s:7:\"regency\";}i:3;a:4:{s:4:\"name\";s:25:\"Kabupaten Musi Banyu Asin\";s:3:\"lat\";d:-2.41667;s:3:\"lon\";d:103.75;s:4:\"type\";s:7:\"regency\";}i:4;a:4:{s:4:\"name\";s:20:\"Kabupaten Banyu Asin\";s:3:\"lat\";d:-2.88333;s:3:\"lon\";d:104.38306;s:4:\"type\";s:7:\"regency\";}i:5;a:4:{s:4:\"name\";s:14:\"Kota Palembang\";s:3:\"lat\";d:-3;s:3:\"lon\";d:104.71667;s:4:\"type\";s:7:\"regency\";}i:6;a:4:{s:4:\"name\";s:19:\"Kota Bandar Lampung\";s:3:\"lat\";d:-5.41667;s:3:\"lon\";d:105.25;s:4:\"type\";s:7:\"regency\";}i:7;a:4:{s:4:\"name\";s:16:\"Kabupaten Bangka\";s:3:\"lat\";d:-1.91667;s:3:\"lon\";d:105.93333;s:4:\"type\";s:7:\"regency\";}i:8;a:4:{s:4:\"name\";s:22:\"Kabupaten Bangka Barat\";s:3:\"lat\";d:-1.95839;s:3:\"lon\";d:105.53741;s:4:\"type\";s:7:\"regency\";}i:9;a:4:{s:4:\"name\";s:23:\"Kabupaten Bangka Tengah\";s:3:\"lat\";d:-2.33989;s:3:\"lon\";d:106.1142;s:4:\"type\";s:7:\"regency\";}i:10;a:4:{s:4:\"name\";s:24:\"Kabupaten Bangka Selatan\";s:3:\"lat\";d:-2.66803;s:3:\"lon\";d:106.01257;s:4:\"type\";s:7:\"regency\";}i:11;a:4:{s:4:\"name\";s:17:\"Kabupaten Bandung\";s:3:\"lat\";d:-7.1;s:3:\"lon\";d:107.6;s:4:\"type\";s:7:\"regency\";}}', 1771787538),
('laravel-cache-geo_cities_id_4cae5c274f2883abae9d78b73fc2c82c', 'a:1:{i:0;a:4:{s:4:\"name\";s:15:\"Kota Banda Aceh\";s:3:\"lat\";d:5.54167;s:3:\"lon\";d:95.33333;s:4:\"type\";s:7:\"regency\";}}', 1771787542),
('laravel-cache-geo_cities_id_629ab14fab772d78a58eea752bdfc0dc', 'a:0:{}', 1771787061),
('laravel-cache-geo_cities_id_63209de70b1384649896a50570d00d88', 'a:1:{i:0;a:4:{s:4:\"name\";s:18:\"Jakarta, Indonesia\";s:3:\"lat\";d:-6.1753924;s:3:\"lon\";d:106.8271528;s:4:\"type\";s:4:\"city\";}}', 1771787213),
('laravel-cache-geo_cities_id_66db247936b42b9627aa73b7939ec930', 'a:0:{}', 1771787148),
('laravel-cache-geo_cities_id_6b5843ce9d2d0599c3e3ce6d59c1551f', 'a:5:{i:0;a:4:{s:4:\"name\";s:18:\"Kota Tanjung Balai\";s:3:\"lat\";d:2.95833;s:3:\"lon\";d:99.79167;s:4:\"type\";s:7:\"regency\";}i:1;a:4:{s:4:\"name\";s:19:\"Kabupaten Sijunjung\";s:3:\"lat\";d:-1.1827;s:3:\"lon\";d:101.6056;s:4:\"type\";s:7:\"regency\";}i:2;a:4:{s:4:\"name\";s:30:\"Kabupaten Tanjung Jabung Timur\";s:3:\"lat\";d:-1.13198;s:3:\"lon\";d:103.61755;s:4:\"type\";s:7:\"regency\";}i:3;a:4:{s:4:\"name\";s:30:\"Kabupaten Tanjung Jabung Barat\";s:3:\"lat\";d:-1.1544;s:3:\"lon\";d:103.24402;s:4:\"type\";s:7:\"regency\";}i:4;a:4:{s:4:\"name\";s:19:\"Kota Tanjung Pinang\";s:3:\"lat\";d:0.91683;s:3:\"lon\";d:104.44329;s:4:\"type\";s:7:\"regency\";}}', 1771856162),
('laravel-cache-geo_cities_id_714f5aadac6f825970650aeb5d65e3be', 'a:1:{i:0;a:4:{s:4:\"name\";s:18:\"Bandung, Indonesia\";s:3:\"lat\";d:-6.9174639;s:3:\"lon\";d:107.6191228;s:4:\"type\";s:4:\"city\";}}', 1771787313),
('laravel-cache-geo_cities_id_7b564a287c93006e8b01456f2c6b8855', 'a:2:{i:0;a:4:{s:4:\"name\";s:15:\"Kabupaten Tegal\";s:3:\"lat\";d:-7.03333;s:3:\"lon\";d:109.16667;s:4:\"type\";s:7:\"regency\";}i:1;a:4:{s:4:\"name\";s:10:\"Kota Tegal\";s:3:\"lat\";d:-6.8686;s:3:\"lon\";d:109.1129;s:4:\"type\";s:7:\"regency\";}}', 1771791672),
('laravel-cache-geo_cities_id_995c6c1954c34ec9e1130460bdb2917f', 'a:0:{}', 1771787066),
('laravel-cache-geo_cities_id_9d83066da00b7c7fa9de34117f488653', 'a:0:{}', 1771787060),
('laravel-cache-geo_cities_id_a7a0d0c3c4a2e38d593b52966fbd6e32', 'a:1:{i:0;a:4:{s:4:\"name\";s:18:\"Bandung, Indonesia\";s:3:\"lat\";d:-6.9174639;s:3:\"lon\";d:107.6191228;s:4:\"type\";s:4:\"city\";}}', 1771787225),
('laravel-cache-geo_cities_id_c8cbb74b0400c4457dc225a2be38fdca', 'a:1:{i:0;a:4:{s:4:\"name\";s:9:\"Kota Palu\";s:3:\"lat\";d:-0.86972;s:3:\"lon\";d:119.9;s:4:\"type\";s:7:\"regency\";}}', 1771791090),
('laravel-cache-geo_cities_id_ca1f89d7b1a0ed5b924f227ca4cbb0b2', 'a:1:{i:0;a:4:{s:4:\"name\";s:18:\"Jakarta, Indonesia\";s:3:\"lat\";d:-6.1753924;s:3:\"lon\";d:106.8271528;s:4:\"type\";s:4:\"city\";}}', 1771787162),
('laravel-cache-geo_cities_id_db55eb4d764f72ea9188d3d0bd8dfabf', 'a:2:{i:0;a:4:{s:4:\"name\";s:18:\"Kabupaten Pasuruan\";s:3:\"lat\";d:-7.73333;s:3:\"lon\";d:112.83333;s:4:\"type\";s:7:\"regency\";}i:1;a:4:{s:4:\"name\";s:13:\"Kota Pasuruan\";s:3:\"lat\";d:-7.65;s:3:\"lon\";d:112.9;s:4:\"type\";s:7:\"regency\";}}', 1771787546),
('laravel-cache-geo_cities_id_ddea8f3e14f60a9d025fc4f71a37997c', 'a:1:{i:0;a:4:{s:4:\"name\";s:18:\"Jakarta, Indonesia\";s:3:\"lat\";d:-6.1753924;s:3:\"lon\";d:106.8271528;s:4:\"type\";s:4:\"city\";}}', 1771787185),
('laravel-cache-geo_cities_id_ef18208229f2e9aefdb7651c8682705b', 'a:1:{i:0;a:4:{s:4:\"name\";s:18:\"Jakarta, Indonesia\";s:3:\"lat\";d:-6.1753924;s:3:\"lon\";d:106.8271528;s:4:\"type\";s:4:\"city\";}}', 1771787310),
('laravel-cache-geo_cities_id_ff9c63f843b11f9c3666fe46caaddea8', 'a:0:{}', 1771787148);
INSERT INTO `cache` (`key`, `value`, `expiration`) VALUES
('laravel-cache-id_regencies_github_json_v1', 'a:514:{i:0;a:6:{s:2:\"id\";s:4:\"1101\";s:11:\"province_id\";s:2:\"11\";s:4:\"name\";s:18:\"KABUPATEN SIMEULUE\";s:8:\"alt_name\";s:18:\"KABUPATEN SIMEULUE\";s:8:\"latitude\";d:2.61667;s:9:\"longitude\";d:96.08333;}i:1;a:6:{s:2:\"id\";s:4:\"1102\";s:11:\"province_id\";s:2:\"11\";s:4:\"name\";s:22:\"KABUPATEN ACEH SINGKIL\";s:8:\"alt_name\";s:22:\"KABUPATEN ACEH SINGKIL\";s:8:\"latitude\";d:2.41667;s:9:\"longitude\";d:97.91667;}i:2;a:6:{s:2:\"id\";s:4:\"1103\";s:11:\"province_id\";s:2:\"11\";s:4:\"name\";s:22:\"KABUPATEN ACEH SELATAN\";s:8:\"alt_name\";s:22:\"KABUPATEN ACEH SELATAN\";s:8:\"latitude\";d:3.16667;s:9:\"longitude\";d:97.41667;}i:3;a:6:{s:2:\"id\";s:4:\"1104\";s:11:\"province_id\";s:2:\"11\";s:4:\"name\";s:23:\"KABUPATEN ACEH TENGGARA\";s:8:\"alt_name\";s:23:\"KABUPATEN ACEH TENGGARA\";s:8:\"latitude\";d:3.36667;s:9:\"longitude\";d:97.7;}i:4;a:6:{s:2:\"id\";s:4:\"1105\";s:11:\"province_id\";s:2:\"11\";s:4:\"name\";s:20:\"KABUPATEN ACEH TIMUR\";s:8:\"alt_name\";s:20:\"KABUPATEN ACEH TIMUR\";s:8:\"latitude\";d:4.63333;s:9:\"longitude\";d:97.63333;}i:5;a:6:{s:2:\"id\";s:4:\"1106\";s:11:\"province_id\";s:2:\"11\";s:4:\"name\";s:21:\"KABUPATEN ACEH TENGAH\";s:8:\"alt_name\";s:21:\"KABUPATEN ACEH TENGAH\";s:8:\"latitude\";d:4.51;s:9:\"longitude\";d:96.855;}i:6;a:6:{s:2:\"id\";s:4:\"1107\";s:11:\"province_id\";s:2:\"11\";s:4:\"name\";s:20:\"KABUPATEN ACEH BARAT\";s:8:\"alt_name\";s:20:\"KABUPATEN ACEH BARAT\";s:8:\"latitude\";d:4.45;s:9:\"longitude\";d:96.16667;}i:7;a:6:{s:2:\"id\";s:4:\"1108\";s:11:\"province_id\";s:2:\"11\";s:4:\"name\";s:20:\"KABUPATEN ACEH BESAR\";s:8:\"alt_name\";s:20:\"KABUPATEN ACEH BESAR\";s:8:\"latitude\";d:5.38333;s:9:\"longitude\";d:95.51667;}i:8;a:6:{s:2:\"id\";s:4:\"1109\";s:11:\"province_id\";s:2:\"11\";s:4:\"name\";s:15:\"KABUPATEN PIDIE\";s:8:\"alt_name\";s:15:\"KABUPATEN PIDIE\";s:8:\"latitude\";d:5.08;s:9:\"longitude\";d:96.11;}i:9;a:6:{s:2:\"id\";s:4:\"1110\";s:11:\"province_id\";s:2:\"11\";s:4:\"name\";s:17:\"KABUPATEN BIREUEN\";s:8:\"alt_name\";s:17:\"KABUPATEN BIREUEN\";s:8:\"latitude\";d:5.08333;s:9:\"longitude\";d:96.58333;}i:10;a:6:{s:2:\"id\";s:4:\"1111\";s:11:\"province_id\";s:2:\"11\";s:4:\"name\";s:20:\"KABUPATEN ACEH UTARA\";s:8:\"alt_name\";s:20:\"KABUPATEN ACEH UTARA\";s:8:\"latitude\";d:4.97;s:9:\"longitude\";d:97.14;}i:11;a:6:{s:2:\"id\";s:4:\"1112\";s:11:\"province_id\";s:2:\"11\";s:4:\"name\";s:25:\"KABUPATEN ACEH BARAT DAYA\";s:8:\"alt_name\";s:25:\"KABUPATEN ACEH BARAT DAYA\";s:8:\"latitude\";d:3.83333;s:9:\"longitude\";d:96.88333;}i:12;a:6:{s:2:\"id\";s:4:\"1113\";s:11:\"province_id\";s:2:\"11\";s:4:\"name\";s:19:\"KABUPATEN GAYO LUES\";s:8:\"alt_name\";s:19:\"KABUPATEN GAYO LUES\";s:8:\"latitude\";d:3.95;s:9:\"longitude\";d:97.39;}i:13;a:6:{s:2:\"id\";s:4:\"1114\";s:11:\"province_id\";s:2:\"11\";s:4:\"name\";s:22:\"KABUPATEN ACEH TAMIANG\";s:8:\"alt_name\";s:22:\"KABUPATEN ACEH TAMIANG\";s:8:\"latitude\";d:4.25;s:9:\"longitude\";d:97.96667;}i:14;a:6:{s:2:\"id\";s:4:\"1115\";s:11:\"province_id\";s:2:\"11\";s:4:\"name\";s:20:\"KABUPATEN NAGAN RAYA\";s:8:\"alt_name\";s:20:\"KABUPATEN NAGAN RAYA\";s:8:\"latitude\";d:4.16667;s:9:\"longitude\";d:96.51667;}i:15;a:6:{s:2:\"id\";s:4:\"1116\";s:11:\"province_id\";s:2:\"11\";s:4:\"name\";s:19:\"KABUPATEN ACEH JAYA\";s:8:\"alt_name\";s:19:\"KABUPATEN ACEH JAYA\";s:8:\"latitude\";d:4.86;s:9:\"longitude\";d:95.64;}i:16;a:6:{s:2:\"id\";s:4:\"1117\";s:11:\"province_id\";s:2:\"11\";s:4:\"name\";s:22:\"KABUPATEN BENER MERIAH\";s:8:\"alt_name\";s:22:\"KABUPATEN BENER MERIAH\";s:8:\"latitude\";d:4.73015;s:9:\"longitude\";d:96.86156;}i:17;a:6:{s:2:\"id\";s:4:\"1118\";s:11:\"province_id\";s:2:\"11\";s:4:\"name\";s:20:\"KABUPATEN PIDIE JAYA\";s:8:\"alt_name\";s:20:\"KABUPATEN PIDIE JAYA\";s:8:\"latitude\";d:5.15;s:9:\"longitude\";d:96.21667;}i:18;a:6:{s:2:\"id\";s:4:\"1171\";s:11:\"province_id\";s:2:\"11\";s:4:\"name\";s:15:\"KOTA BANDA ACEH\";s:8:\"alt_name\";s:15:\"KOTA BANDA ACEH\";s:8:\"latitude\";d:5.54167;s:9:\"longitude\";d:95.33333;}i:19;a:6:{s:2:\"id\";s:4:\"1172\";s:11:\"province_id\";s:2:\"11\";s:4:\"name\";s:11:\"KOTA SABANG\";s:8:\"alt_name\";s:11:\"KOTA SABANG\";s:8:\"latitude\";d:5.82164;s:9:\"longitude\";d:95.31086;}i:20;a:6:{s:2:\"id\";s:4:\"1173\";s:11:\"province_id\";s:2:\"11\";s:4:\"name\";s:11:\"KOTA LANGSA\";s:8:\"alt_name\";s:11:\"KOTA LANGSA\";s:8:\"latitude\";d:4.47;s:9:\"longitude\";d:97.93;}i:21;a:6:{s:2:\"id\";s:4:\"1174\";s:11:\"province_id\";s:2:\"11\";s:4:\"name\";s:16:\"KOTA LHOKSEUMAWE\";s:8:\"alt_name\";s:16:\"KOTA LHOKSEUMAWE\";s:8:\"latitude\";d:5.13333;s:9:\"longitude\";d:97.06667;}i:22;a:6:{s:2:\"id\";s:4:\"1175\";s:11:\"province_id\";s:2:\"11\";s:4:\"name\";s:17:\"KOTA SUBULUSSALAM\";s:8:\"alt_name\";s:17:\"KOTA SUBULUSSALAM\";s:8:\"latitude\";d:2.75;s:9:\"longitude\";d:97.93333;}i:23;a:6:{s:2:\"id\";s:4:\"1201\";s:11:\"province_id\";s:2:\"12\";s:4:\"name\";s:14:\"KABUPATEN NIAS\";s:8:\"alt_name\";s:14:\"KABUPATEN NIAS\";s:8:\"latitude\";d:1.03333;s:9:\"longitude\";d:97.76667;}i:24;a:6:{s:2:\"id\";s:4:\"1202\";s:11:\"province_id\";s:2:\"12\";s:4:\"name\";s:26:\"KABUPATEN MANDAILING NATAL\";s:8:\"alt_name\";s:26:\"KABUPATEN MANDAILING NATAL\";s:8:\"latitude\";d:0.78378;s:9:\"longitude\";d:99.25495;}i:25;a:6:{s:2:\"id\";s:4:\"1203\";s:11:\"province_id\";s:2:\"12\";s:4:\"name\";s:26:\"KABUPATEN TAPANULI SELATAN\";s:8:\"alt_name\";s:26:\"KABUPATEN TAPANULI SELATAN\";s:8:\"latitude\";d:1.51667;s:9:\"longitude\";d:99.25;}i:26;a:6:{s:2:\"id\";s:4:\"1204\";s:11:\"province_id\";s:2:\"12\";s:4:\"name\";s:25:\"KABUPATEN TAPANULI TENGAH\";s:8:\"alt_name\";s:25:\"KABUPATEN TAPANULI TENGAH\";s:8:\"latitude\";d:1.9;s:9:\"longitude\";d:98.66667;}i:27;a:6:{s:2:\"id\";s:4:\"1205\";s:11:\"province_id\";s:2:\"12\";s:4:\"name\";s:24:\"KABUPATEN TAPANULI UTARA\";s:8:\"alt_name\";s:24:\"KABUPATEN TAPANULI UTARA\";s:8:\"latitude\";d:2.0028;s:9:\"longitude\";d:99.0707;}i:28;a:6:{s:2:\"id\";s:4:\"1206\";s:11:\"province_id\";s:2:\"12\";s:4:\"name\";s:22:\"KABUPATEN TOBA SAMOSIR\";s:8:\"alt_name\";s:22:\"KABUPATEN TOBA SAMOSIR\";s:8:\"latitude\";d:2.39793;s:9:\"longitude\";d:99.21678;}i:29;a:6:{s:2:\"id\";s:4:\"1207\";s:11:\"province_id\";s:2:\"12\";s:4:\"name\";s:22:\"KABUPATEN LABUHAN BATU\";s:8:\"alt_name\";s:22:\"KABUPATEN LABUHAN BATU\";s:8:\"latitude\";d:2.26667;s:9:\"longitude\";d:100.1;}i:30;a:6:{s:2:\"id\";s:4:\"1208\";s:11:\"province_id\";s:2:\"12\";s:4:\"name\";s:16:\"KABUPATEN ASAHAN\";s:8:\"alt_name\";s:16:\"KABUPATEN ASAHAN\";s:8:\"latitude\";d:2.78333;s:9:\"longitude\";d:99.55;}i:31;a:6:{s:2:\"id\";s:4:\"1209\";s:11:\"province_id\";s:2:\"12\";s:4:\"name\";s:20:\"KABUPATEN SIMALUNGUN\";s:8:\"alt_name\";s:20:\"KABUPATEN SIMALUNGUN\";s:8:\"latitude\";d:2.9;s:9:\"longitude\";i:99;}i:32;a:6:{s:2:\"id\";s:4:\"1210\";s:11:\"province_id\";s:2:\"12\";s:4:\"name\";s:15:\"KABUPATEN DAIRI\";s:8:\"alt_name\";s:15:\"KABUPATEN DAIRI\";s:8:\"latitude\";d:2.86667;s:9:\"longitude\";d:98.23333;}i:33;a:6:{s:2:\"id\";s:4:\"1211\";s:11:\"province_id\";s:2:\"12\";s:4:\"name\";s:14:\"KABUPATEN KARO\";s:8:\"alt_name\";s:14:\"KABUPATEN KARO\";s:8:\"latitude\";d:3.11667;s:9:\"longitude\";d:98.3;}i:34;a:6:{s:2:\"id\";s:4:\"1212\";s:11:\"province_id\";s:2:\"12\";s:4:\"name\";s:22:\"KABUPATEN DELI SERDANG\";s:8:\"alt_name\";s:22:\"KABUPATEN DELI SERDANG\";s:8:\"latitude\";d:3.41667;s:9:\"longitude\";d:98.66667;}i:35;a:6:{s:2:\"id\";s:4:\"1213\";s:11:\"province_id\";s:2:\"12\";s:4:\"name\";s:17:\"KABUPATEN LANGKAT\";s:8:\"alt_name\";s:17:\"KABUPATEN LANGKAT\";s:8:\"latitude\";d:3.71667;s:9:\"longitude\";d:98.21667;}i:36;a:6:{s:2:\"id\";s:4:\"1214\";s:11:\"province_id\";s:2:\"12\";s:4:\"name\";s:22:\"KABUPATEN NIAS SELATAN\";s:8:\"alt_name\";s:22:\"KABUPATEN NIAS SELATAN\";s:8:\"latitude\";d:0.77;s:9:\"longitude\";d:97.75;}i:37;a:6:{s:2:\"id\";s:4:\"1215\";s:11:\"province_id\";s:2:\"12\";s:4:\"name\";s:28:\"KABUPATEN HUMBANG HASUNDUTAN\";s:8:\"alt_name\";s:28:\"KABUPATEN HUMBANG HASUNDUTAN\";s:8:\"latitude\";d:2.26551;s:9:\"longitude\";d:98.50376;}i:38;a:6:{s:2:\"id\";s:4:\"1216\";s:11:\"province_id\";s:2:\"12\";s:4:\"name\";s:23:\"KABUPATEN PAKPAK BHARAT\";s:8:\"alt_name\";s:23:\"KABUPATEN PAKPAK BHARAT\";s:8:\"latitude\";d:2.56667;s:9:\"longitude\";d:98.28333;}i:39;a:6:{s:2:\"id\";s:4:\"1217\";s:11:\"province_id\";s:2:\"12\";s:4:\"name\";s:17:\"KABUPATEN SAMOSIR\";s:8:\"alt_name\";s:17:\"KABUPATEN SAMOSIR\";s:8:\"latitude\";d:2.64025;s:9:\"longitude\";d:98.71525;}i:40;a:6:{s:2:\"id\";s:4:\"1218\";s:11:\"province_id\";s:2:\"12\";s:4:\"name\";s:25:\"KABUPATEN SERDANG BEDAGAI\";s:8:\"alt_name\";s:25:\"KABUPATEN SERDANG BEDAGAI\";s:8:\"latitude\";d:3.36667;s:9:\"longitude\";d:99.03333;}i:41;a:6:{s:2:\"id\";s:4:\"1219\";s:11:\"province_id\";s:2:\"12\";s:4:\"name\";s:19:\"KABUPATEN BATU BARA\";s:8:\"alt_name\";s:19:\"KABUPATEN BATU BARA\";s:8:\"latitude\";d:3.16166;s:9:\"longitude\";d:99.52652;}i:42;a:6:{s:2:\"id\";s:4:\"1220\";s:11:\"province_id\";s:2:\"12\";s:4:\"name\";s:28:\"KABUPATEN PADANG LAWAS UTARA\";s:8:\"alt_name\";s:28:\"KABUPATEN PADANG LAWAS UTARA\";s:8:\"latitude\";d:1.46011;s:9:\"longitude\";d:99.67346;}i:43;a:6:{s:2:\"id\";s:4:\"1221\";s:11:\"province_id\";s:2:\"12\";s:4:\"name\";s:22:\"KABUPATEN PADANG LAWAS\";s:8:\"alt_name\";s:22:\"KABUPATEN PADANG LAWAS\";s:8:\"latitude\";d:1.44684;s:9:\"longitude\";d:99.99207;}i:44;a:6:{s:2:\"id\";s:4:\"1222\";s:11:\"province_id\";s:2:\"12\";s:4:\"name\";s:30:\"KABUPATEN LABUHAN BATU SELATAN\";s:8:\"alt_name\";s:30:\"KABUPATEN LABUHAN BATU SELATAN\";s:8:\"latitude\";d:1.983;s:9:\"longitude\";d:100.0976;}i:45;a:6:{s:2:\"id\";s:4:\"1223\";s:11:\"province_id\";s:2:\"12\";s:4:\"name\";s:28:\"KABUPATEN LABUHAN BATU UTARA\";s:8:\"alt_name\";s:28:\"KABUPATEN LABUHAN BATU UTARA\";s:8:\"latitude\";d:2.33349;s:9:\"longitude\";d:99.63776;}i:46;a:6:{s:2:\"id\";s:4:\"1224\";s:11:\"province_id\";s:2:\"12\";s:4:\"name\";s:20:\"KABUPATEN NIAS UTARA\";s:8:\"alt_name\";s:20:\"KABUPATEN NIAS UTARA\";s:8:\"latitude\";d:1.33037;s:9:\"longitude\";d:97.31964;}i:47;a:6:{s:2:\"id\";s:4:\"1225\";s:11:\"province_id\";s:2:\"12\";s:4:\"name\";s:20:\"KABUPATEN NIAS BARAT\";s:8:\"alt_name\";s:20:\"KABUPATEN NIAS BARAT\";s:8:\"latitude\";d:1.05966;s:9:\"longitude\";d:97.58606;}i:48;a:6:{s:2:\"id\";s:4:\"1271\";s:11:\"province_id\";s:2:\"12\";s:4:\"name\";s:12:\"KOTA SIBOLGA\";s:8:\"alt_name\";s:12:\"KOTA SIBOLGA\";s:8:\"latitude\";d:1.73333;s:9:\"longitude\";d:98.8;}i:49;a:6:{s:2:\"id\";s:4:\"1272\";s:11:\"province_id\";s:2:\"12\";s:4:\"name\";s:18:\"KOTA TANJUNG BALAI\";s:8:\"alt_name\";s:18:\"KOTA TANJUNG BALAI\";s:8:\"latitude\";d:2.95833;s:9:\"longitude\";d:99.79167;}i:50;a:6:{s:2:\"id\";s:4:\"1273\";s:11:\"province_id\";s:2:\"12\";s:4:\"name\";s:21:\"KOTA PEMATANG SIANTAR\";s:8:\"alt_name\";s:21:\"KOTA PEMATANG SIANTAR\";s:8:\"latitude\";d:2.96667;s:9:\"longitude\";d:99.05;}i:51;a:6:{s:2:\"id\";s:4:\"1274\";s:11:\"province_id\";s:2:\"12\";s:4:\"name\";s:18:\"KOTA TEBING TINGGI\";s:8:\"alt_name\";s:18:\"KOTA TEBING TINGGI\";s:8:\"latitude\";d:3.325;s:9:\"longitude\";d:99.14167;}i:52;a:6:{s:2:\"id\";s:4:\"1275\";s:11:\"province_id\";s:2:\"12\";s:4:\"name\";s:10:\"KOTA MEDAN\";s:8:\"alt_name\";s:10:\"KOTA MEDAN\";s:8:\"latitude\";d:3.65;s:9:\"longitude\";d:98.66667;}i:53;a:6:{s:2:\"id\";s:4:\"1276\";s:11:\"province_id\";s:2:\"12\";s:4:\"name\";s:11:\"KOTA BINJAI\";s:8:\"alt_name\";s:11:\"KOTA BINJAI\";s:8:\"latitude\";d:3.8;s:9:\"longitude\";d:108.23333;}i:54;a:6:{s:2:\"id\";s:4:\"1277\";s:11:\"province_id\";s:2:\"12\";s:4:\"name\";s:21:\"KOTA PADANG SIDEMPUAN\";s:8:\"alt_name\";s:21:\"KOTA PADANG SIDEMPUAN\";s:8:\"latitude\";d:1.37375;s:9:\"longitude\";d:99.26843;}i:55;a:6:{s:2:\"id\";s:4:\"1278\";s:11:\"province_id\";s:2:\"12\";s:4:\"name\";s:17:\"KOTA GUNUNGSITOLI\";s:8:\"alt_name\";s:17:\"KOTA GUNUNGSITOLI\";s:8:\"latitude\";d:1.32731;s:9:\"longitude\";d:97.55018;}i:56;a:6:{s:2:\"id\";s:4:\"1301\";s:11:\"province_id\";s:2:\"13\";s:4:\"name\";s:28:\"KABUPATEN KEPULAUAN MENTAWAI\";s:8:\"alt_name\";s:28:\"KABUPATEN KEPULAUAN MENTAWAI\";s:8:\"latitude\";d:1.98917;s:9:\"longitude\";d:99.51889;}i:57;a:6:{s:2:\"id\";s:4:\"1302\";s:11:\"province_id\";s:2:\"13\";s:4:\"name\";s:25:\"KABUPATEN PESISIR SELATAN\";s:8:\"alt_name\";s:25:\"KABUPATEN PESISIR SELATAN\";s:8:\"latitude\";d:-1.58333;s:9:\"longitude\";d:100.85;}i:58;a:6:{s:2:\"id\";s:4:\"1303\";s:11:\"province_id\";s:2:\"13\";s:4:\"name\";s:15:\"KABUPATEN SOLOK\";s:8:\"alt_name\";s:15:\"KABUPATEN SOLOK\";s:8:\"latitude\";d:-0.96667;s:9:\"longitude\";d:100.81667;}i:59;a:6:{s:2:\"id\";s:4:\"1304\";s:11:\"province_id\";s:2:\"13\";s:4:\"name\";s:19:\"KABUPATEN SIJUNJUNG\";s:8:\"alt_name\";s:19:\"KABUPATEN SIJUNJUNG\";s:8:\"latitude\";d:-1.1827;s:9:\"longitude\";d:101.6056;}i:60;a:6:{s:2:\"id\";s:4:\"1305\";s:11:\"province_id\";s:2:\"13\";s:4:\"name\";s:21:\"KABUPATEN TANAH DATAR\";s:8:\"alt_name\";s:21:\"KABUPATEN TANAH DATAR\";s:8:\"latitude\";d:-0.4555;s:9:\"longitude\";d:100.5771;}i:61;a:6:{s:2:\"id\";s:4:\"1306\";s:11:\"province_id\";s:2:\"13\";s:4:\"name\";s:25:\"KABUPATEN PADANG PARIAMAN\";s:8:\"alt_name\";s:25:\"KABUPATEN PADANG PARIAMAN\";s:8:\"latitude\";d:-0.6;s:9:\"longitude\";d:100.28333;}i:62;a:6:{s:2:\"id\";s:4:\"1307\";s:11:\"province_id\";s:2:\"13\";s:4:\"name\";s:14:\"KABUPATEN AGAM\";s:8:\"alt_name\";s:14:\"KABUPATEN AGAM\";s:8:\"latitude\";d:-0.25;s:9:\"longitude\";d:100.16667;}i:63;a:6:{s:2:\"id\";s:4:\"1308\";s:11:\"province_id\";s:2:\"13\";s:4:\"name\";s:25:\"KABUPATEN LIMA PULUH KOTA\";s:8:\"alt_name\";s:25:\"KABUPATEN LIMA PULUH KOTA\";s:8:\"latitude\";d:-0.0168;s:9:\"longitude\";d:100.5872;}i:64;a:6:{s:2:\"id\";s:4:\"1309\";s:11:\"province_id\";s:2:\"13\";s:4:\"name\";s:17:\"KABUPATEN PASAMAN\";s:8:\"alt_name\";s:17:\"KABUPATEN PASAMAN\";s:8:\"latitude\";d:0.42503;s:9:\"longitude\";d:99.94606;}i:65;a:6:{s:2:\"id\";s:4:\"1310\";s:11:\"province_id\";s:2:\"13\";s:4:\"name\";s:23:\"KABUPATEN SOLOK SELATAN\";s:8:\"alt_name\";s:23:\"KABUPATEN SOLOK SELATAN\";s:8:\"latitude\";d:-1.23333;s:9:\"longitude\";d:101.417;}i:66;a:6:{s:2:\"id\";s:4:\"1311\";s:11:\"province_id\";s:2:\"13\";s:4:\"name\";s:21:\"KABUPATEN DHARMASRAYA\";s:8:\"alt_name\";s:21:\"KABUPATEN DHARMASRAYA\";s:8:\"latitude\";d:-1.05;s:9:\"longitude\";d:101.367;}i:67;a:6:{s:2:\"id\";s:4:\"1312\";s:11:\"province_id\";s:2:\"13\";s:4:\"name\";s:23:\"KABUPATEN PASAMAN BARAT\";s:8:\"alt_name\";s:23:\"KABUPATEN PASAMAN BARAT\";s:8:\"latitude\";d:0.28152;s:9:\"longitude\";d:99.51965;}i:68;a:6:{s:2:\"id\";s:4:\"1371\";s:11:\"province_id\";s:2:\"13\";s:4:\"name\";s:11:\"KOTA PADANG\";s:8:\"alt_name\";s:11:\"KOTA PADANG\";s:8:\"latitude\";d:-0.98333;s:9:\"longitude\";d:100.45;}i:69;a:6:{s:2:\"id\";s:4:\"1372\";s:11:\"province_id\";s:2:\"13\";s:4:\"name\";s:10:\"KOTA SOLOK\";s:8:\"alt_name\";s:10:\"KOTA SOLOK\";s:8:\"latitude\";d:-0.76667;s:9:\"longitude\";d:100.61667;}i:70;a:6:{s:2:\"id\";s:4:\"1373\";s:11:\"province_id\";s:2:\"13\";s:4:\"name\";s:16:\"KOTA SAWAH LUNTO\";s:8:\"alt_name\";s:16:\"KOTA SAWAH LUNTO\";s:8:\"latitude\";d:-0.6;s:9:\"longitude\";d:100.75;}i:71;a:6:{s:2:\"id\";s:4:\"1374\";s:11:\"province_id\";s:2:\"13\";s:4:\"name\";s:19:\"KOTA PADANG PANJANG\";s:8:\"alt_name\";s:19:\"KOTA PADANG PANJANG\";s:8:\"latitude\";d:-0.45;s:9:\"longitude\";d:100.43333;}i:72;a:6:{s:2:\"id\";s:4:\"1375\";s:11:\"province_id\";s:2:\"13\";s:4:\"name\";s:16:\"KOTA BUKITTINGGI\";s:8:\"alt_name\";s:16:\"KOTA BUKITTINGGI\";s:8:\"latitude\";d:-0.275;s:9:\"longitude\";d:100.375;}i:73;a:6:{s:2:\"id\";s:4:\"1376\";s:11:\"province_id\";s:2:\"13\";s:4:\"name\";s:15:\"KOTA PAYAKUMBUH\";s:8:\"alt_name\";s:15:\"KOTA PAYAKUMBUH\";s:8:\"latitude\";d:-0.23333;s:9:\"longitude\";d:100.63333;}i:74;a:6:{s:2:\"id\";s:4:\"1377\";s:11:\"province_id\";s:2:\"13\";s:4:\"name\";s:13:\"KOTA PARIAMAN\";s:8:\"alt_name\";s:13:\"KOTA PARIAMAN\";s:8:\"latitude\";d:-0.62682;s:9:\"longitude\";d:100.12047;}i:75;a:6:{s:2:\"id\";s:4:\"1401\";s:11:\"province_id\";s:2:\"14\";s:4:\"name\";s:26:\"KABUPATEN KUANTAN SINGINGI\";s:8:\"alt_name\";s:26:\"KABUPATEN KUANTAN SINGINGI\";s:8:\"latitude\";d:-0.47532;s:9:\"longitude\";d:101.45857;}i:76;a:6:{s:2:\"id\";s:4:\"1402\";s:11:\"province_id\";s:2:\"14\";s:4:\"name\";s:24:\"KABUPATEN INDRAGIRI HULU\";s:8:\"alt_name\";s:24:\"KABUPATEN INDRAGIRI HULU\";s:8:\"latitude\";d:-0.55;s:9:\"longitude\";d:102.31667;}i:77;a:6:{s:2:\"id\";s:4:\"1403\";s:11:\"province_id\";s:2:\"14\";s:4:\"name\";s:25:\"KABUPATEN INDRAGIRI HILIR\";s:8:\"alt_name\";s:25:\"KABUPATEN INDRAGIRI HILIR\";s:8:\"latitude\";d:-0.33333;s:9:\"longitude\";d:103.16667;}i:78;a:6:{s:2:\"id\";s:4:\"1404\";s:11:\"province_id\";s:2:\"14\";s:4:\"name\";s:19:\"KABUPATEN PELALAWAN\";s:8:\"alt_name\";s:19:\"KABUPATEN PELALAWAN\";s:8:\"latitude\";d:0.20822;s:9:\"longitude\";d:102.18607;}i:79;a:6:{s:2:\"id\";s:4:\"1405\";s:11:\"province_id\";s:2:\"14\";s:4:\"name\";s:14:\"KABUPATEN SIAK\";s:8:\"alt_name\";s:14:\"KABUPATEN SIAK\";s:8:\"latitude\";d:0.97453;s:9:\"longitude\";d:102.01355;}i:80;a:6:{s:2:\"id\";s:4:\"1406\";s:11:\"province_id\";s:2:\"14\";s:4:\"name\";s:16:\"KABUPATEN KAMPAR\";s:8:\"alt_name\";s:16:\"KABUPATEN KAMPAR\";s:8:\"latitude\";d:0.2344;s:9:\"longitude\";d:101.2131;}i:81;a:6:{s:2:\"id\";s:4:\"1407\";s:11:\"province_id\";s:2:\"14\";s:4:\"name\";s:20:\"KABUPATEN ROKAN HULU\";s:8:\"alt_name\";s:20:\"KABUPATEN ROKAN HULU\";s:8:\"latitude\";d:0.88333;s:9:\"longitude\";d:100.48333;}i:82;a:6:{s:2:\"id\";s:4:\"1408\";s:11:\"province_id\";s:2:\"14\";s:4:\"name\";s:19:\"KABUPATEN BENGKALIS\";s:8:\"alt_name\";s:19:\"KABUPATEN BENGKALIS\";s:8:\"latitude\";d:0.9838;s:9:\"longitude\";d:102.5096;}i:83;a:6:{s:2:\"id\";s:4:\"1409\";s:11:\"province_id\";s:2:\"14\";s:4:\"name\";s:21:\"KABUPATEN ROKAN HILIR\";s:8:\"alt_name\";s:21:\"KABUPATEN ROKAN HILIR\";s:8:\"latitude\";d:2.16599;s:9:\"longitude\";d:100.82514;}i:84;a:6:{s:2:\"id\";s:4:\"1410\";s:11:\"province_id\";s:2:\"14\";s:4:\"name\";s:27:\"KABUPATEN KEPULAUAN MERANTI\";s:8:\"alt_name\";s:27:\"KABUPATEN KEPULAUAN MERANTI\";s:8:\"latitude\";d:0.97488;s:9:\"longitude\";d:102.69539;}i:85;a:6:{s:2:\"id\";s:4:\"1471\";s:11:\"province_id\";s:2:\"14\";s:4:\"name\";s:14:\"KOTA PEKANBARU\";s:8:\"alt_name\";s:14:\"KOTA PEKANBARU\";s:8:\"latitude\";d:0.53333;s:9:\"longitude\";d:101.46667;}i:86;a:6:{s:2:\"id\";s:4:\"1473\";s:11:\"province_id\";s:2:\"14\";s:4:\"name\";s:10:\"KOTA DUMAI\";s:8:\"alt_name\";s:10:\"KOTA DUMAI\";s:8:\"latitude\";d:1.61592;s:9:\"longitude\";d:101.4917;}i:87;a:6:{s:2:\"id\";s:4:\"1501\";s:11:\"province_id\";s:2:\"15\";s:4:\"name\";s:17:\"KABUPATEN KERINCI\";s:8:\"alt_name\";s:17:\"KABUPATEN KERINCI\";s:8:\"latitude\";d:-2.03333;s:9:\"longitude\";d:101.53333;}i:88;a:6:{s:2:\"id\";s:4:\"1502\";s:11:\"province_id\";s:2:\"15\";s:4:\"name\";s:18:\"KABUPATEN MERANGIN\";s:8:\"alt_name\";s:18:\"KABUPATEN MERANGIN\";s:8:\"latitude\";d:-2.06933;s:9:\"longitude\";d:102.13303;}i:89;a:6:{s:2:\"id\";s:4:\"1503\";s:11:\"province_id\";s:2:\"15\";s:4:\"name\";s:20:\"KABUPATEN SAROLANGUN\";s:8:\"alt_name\";s:20:\"KABUPATEN SAROLANGUN\";s:8:\"latitude\";d:-2.3;s:9:\"longitude\";d:102.65;}i:90;a:6:{s:2:\"id\";s:4:\"1504\";s:11:\"province_id\";s:2:\"15\";s:4:\"name\";s:21:\"KABUPATEN BATANG HARI\";s:8:\"alt_name\";s:21:\"KABUPATEN BATANG HARI\";s:8:\"latitude\";d:-1.75;s:9:\"longitude\";d:103.11667;}i:91;a:6:{s:2:\"id\";s:4:\"1505\";s:11:\"province_id\";s:2:\"15\";s:4:\"name\";s:21:\"KABUPATEN MUARO JAMBI\";s:8:\"alt_name\";s:21:\"KABUPATEN MUARO JAMBI\";s:8:\"latitude\";d:-1.55214;s:9:\"longitude\";d:103.82163;}i:92;a:6:{s:2:\"id\";s:4:\"1506\";s:11:\"province_id\";s:2:\"15\";s:4:\"name\";s:30:\"KABUPATEN TANJUNG JABUNG TIMUR\";s:8:\"alt_name\";s:30:\"KABUPATEN TANJUNG JABUNG TIMUR\";s:8:\"latitude\";d:-1.13198;s:9:\"longitude\";d:103.61755;}i:93;a:6:{s:2:\"id\";s:4:\"1507\";s:11:\"province_id\";s:2:\"15\";s:4:\"name\";s:30:\"KABUPATEN TANJUNG JABUNG BARAT\";s:8:\"alt_name\";s:30:\"KABUPATEN TANJUNG JABUNG BARAT\";s:8:\"latitude\";d:-1.1544;s:9:\"longitude\";d:103.24402;}i:94;a:6:{s:2:\"id\";s:4:\"1508\";s:11:\"province_id\";s:2:\"15\";s:4:\"name\";s:14:\"KABUPATEN TEBO\";s:8:\"alt_name\";s:14:\"KABUPATEN TEBO\";s:8:\"latitude\";d:-1.45576;s:9:\"longitude\";d:102.37473;}i:95;a:6:{s:2:\"id\";s:4:\"1509\";s:11:\"province_id\";s:2:\"15\";s:4:\"name\";s:15:\"KABUPATEN BUNGO\";s:8:\"alt_name\";s:15:\"KABUPATEN BUNGO\";s:8:\"latitude\";d:-1.50222;s:9:\"longitude\";d:101.96;}i:96;a:6:{s:2:\"id\";s:4:\"1571\";s:11:\"province_id\";s:2:\"15\";s:4:\"name\";s:10:\"KOTA JAMBI\";s:8:\"alt_name\";s:10:\"KOTA JAMBI\";s:8:\"latitude\";d:-1.61667;s:9:\"longitude\";d:103.65;}i:97;a:6:{s:2:\"id\";s:4:\"1572\";s:11:\"province_id\";s:2:\"15\";s:4:\"name\";s:17:\"KOTA SUNGAI PENUH\";s:8:\"alt_name\";s:17:\"KOTA SUNGAI PENUH\";s:8:\"latitude\";d:-2.10896;s:9:\"longitude\";d:101.32175;}i:98;a:6:{s:2:\"id\";s:4:\"1601\";s:11:\"province_id\";s:2:\"16\";s:4:\"name\";s:27:\"KABUPATEN OGAN KOMERING ULU\";s:8:\"alt_name\";s:27:\"KABUPATEN OGAN KOMERING ULU\";s:8:\"latitude\";d:-4.13333;s:9:\"longitude\";d:104.03333;}i:99;a:6:{s:2:\"id\";s:4:\"1602\";s:11:\"province_id\";s:2:\"16\";s:4:\"name\";s:28:\"KABUPATEN OGAN KOMERING ILIR\";s:8:\"alt_name\";s:28:\"KABUPATEN OGAN KOMERING ILIR\";s:8:\"latitude\";d:-3.36667;s:9:\"longitude\";d:105.36667;}i:100;a:6:{s:2:\"id\";s:4:\"1603\";s:11:\"province_id\";s:2:\"16\";s:4:\"name\";s:20:\"KABUPATEN MUARA ENIM\";s:8:\"alt_name\";s:20:\"KABUPATEN MUARA ENIM\";s:8:\"latitude\";d:-4.2327;s:9:\"longitude\";d:103.6141;}i:101;a:6:{s:2:\"id\";s:4:\"1604\";s:11:\"province_id\";s:2:\"16\";s:4:\"name\";s:15:\"KABUPATEN LAHAT\";s:8:\"alt_name\";s:15:\"KABUPATEN LAHAT\";s:8:\"latitude\";d:-3.7864;s:9:\"longitude\";d:103.5428;}i:102;a:6:{s:2:\"id\";s:4:\"1605\";s:11:\"province_id\";s:2:\"16\";s:4:\"name\";s:20:\"KABUPATEN MUSI RAWAS\";s:8:\"alt_name\";s:20:\"KABUPATEN MUSI RAWAS\";s:8:\"latitude\";d:-3.08333;s:9:\"longitude\";d:103.2;}i:103;a:6:{s:2:\"id\";s:4:\"1606\";s:11:\"province_id\";s:2:\"16\";s:4:\"name\";s:25:\"KABUPATEN MUSI BANYU ASIN\";s:8:\"alt_name\";s:25:\"KABUPATEN MUSI BANYU ASIN\";s:8:\"latitude\";d:-2.41667;s:9:\"longitude\";d:103.75;}i:104;a:6:{s:2:\"id\";s:4:\"1607\";s:11:\"province_id\";s:2:\"16\";s:4:\"name\";s:20:\"KABUPATEN BANYU ASIN\";s:8:\"alt_name\";s:20:\"KABUPATEN BANYU ASIN\";s:8:\"latitude\";d:-2.88333;s:9:\"longitude\";d:104.38306;}i:105;a:6:{s:2:\"id\";s:4:\"1608\";s:11:\"province_id\";s:2:\"16\";s:4:\"name\";s:35:\"KABUPATEN OGAN KOMERING ULU SELATAN\";s:8:\"alt_name\";s:35:\"KABUPATEN OGAN KOMERING ULU SELATAN\";s:8:\"latitude\";d:-4.65728;s:9:\"longitude\";d:104.00659;}i:106;a:6:{s:2:\"id\";s:4:\"1609\";s:11:\"province_id\";s:2:\"16\";s:4:\"name\";s:33:\"KABUPATEN OGAN KOMERING ULU TIMUR\";s:8:\"alt_name\";s:33:\"KABUPATEN OGAN KOMERING ULU TIMUR\";s:8:\"latitude\";d:-3.85679;s:9:\"longitude\";d:104.75209;}i:107;a:6:{s:2:\"id\";s:4:\"1610\";s:11:\"province_id\";s:2:\"16\";s:4:\"name\";s:19:\"KABUPATEN OGAN ILIR\";s:8:\"alt_name\";s:19:\"KABUPATEN OGAN ILIR\";s:8:\"latitude\";d:-3.43186;s:9:\"longitude\";d:104.62727;}i:108;a:6:{s:2:\"id\";s:4:\"1611\";s:11:\"province_id\";s:2:\"16\";s:4:\"name\";s:22:\"KABUPATEN EMPAT LAWANG\";s:8:\"alt_name\";s:22:\"KABUPATEN EMPAT LAWANG\";s:8:\"latitude\";d:3.22667;s:9:\"longitude\";d:99.09256;}i:109;a:6:{s:2:\"id\";s:4:\"1612\";s:11:\"province_id\";s:2:\"16\";s:4:\"name\";s:36:\"KABUPATEN PENUKAL ABAB LEMATANG ILIR\";s:8:\"alt_name\";s:36:\"KABUPATEN PENUKAL ABAB LEMATANG ILIR\";s:8:\"latitude\";d:-3.21342;s:9:\"longitude\";d:104.08722;}i:110;a:6:{s:2:\"id\";s:4:\"1613\";s:11:\"province_id\";s:2:\"16\";s:4:\"name\";s:26:\"KABUPATEN MUSI RAWAS UTARA\";s:8:\"alt_name\";s:26:\"KABUPATEN MUSI RAWAS UTARA\";s:8:\"latitude\";d:-2.48533;s:9:\"longitude\";d:103.29346;}i:111;a:6:{s:2:\"id\";s:4:\"1671\";s:11:\"province_id\";s:2:\"16\";s:4:\"name\";s:14:\"KOTA PALEMBANG\";s:8:\"alt_name\";s:14:\"KOTA PALEMBANG\";s:8:\"latitude\";i:-3;s:9:\"longitude\";d:104.71667;}i:112;a:6:{s:2:\"id\";s:4:\"1672\";s:11:\"province_id\";s:2:\"16\";s:4:\"name\";s:15:\"KOTA PRABUMULIH\";s:8:\"alt_name\";s:15:\"KOTA PRABUMULIH\";s:8:\"latitude\";d:-3.46202;s:9:\"longitude\";d:104.2229;}i:113;a:6:{s:2:\"id\";s:4:\"1673\";s:11:\"province_id\";s:2:\"16\";s:4:\"name\";s:15:\"KOTA PAGAR ALAM\";s:8:\"alt_name\";s:15:\"KOTA PAGAR ALAM\";s:8:\"latitude\";d:-4.13055;s:9:\"longitude\";d:103.26822;}i:114;a:6:{s:2:\"id\";s:4:\"1674\";s:11:\"province_id\";s:2:\"16\";s:4:\"name\";s:18:\"KOTA LUBUK LINGGAU\";s:8:\"alt_name\";s:18:\"KOTA LUBUK LINGGAU\";s:8:\"latitude\";d:-3.29308;s:9:\"longitude\";d:102.85503;}i:115;a:6:{s:2:\"id\";s:4:\"1701\";s:11:\"province_id\";s:2:\"17\";s:4:\"name\";s:26:\"KABUPATEN BENGKULU SELATAN\";s:8:\"alt_name\";s:26:\"KABUPATEN BENGKULU SELATAN\";s:8:\"latitude\";d:-4.35;s:9:\"longitude\";d:103.03333;}i:116;a:6:{s:2:\"id\";s:4:\"1702\";s:11:\"province_id\";s:2:\"17\";s:4:\"name\";s:23:\"KABUPATEN REJANG LEBONG\";s:8:\"alt_name\";s:23:\"KABUPATEN REJANG LEBONG\";s:8:\"latitude\";d:-3.43333;s:9:\"longitude\";d:102.71667;}i:117;a:6:{s:2:\"id\";s:4:\"1703\";s:11:\"province_id\";s:2:\"17\";s:4:\"name\";s:24:\"KABUPATEN BENGKULU UTARA\";s:8:\"alt_name\";s:24:\"KABUPATEN BENGKULU UTARA\";s:8:\"latitude\";d:-3.33333;s:9:\"longitude\";d:102.05;}i:118;a:6:{s:2:\"id\";s:4:\"1704\";s:11:\"province_id\";s:2:\"17\";s:4:\"name\";s:14:\"KABUPATEN KAUR\";s:8:\"alt_name\";s:14:\"KABUPATEN KAUR\";s:8:\"latitude\";d:-4.78179;s:9:\"longitude\";d:103.36109;}i:119;a:6:{s:2:\"id\";s:4:\"1705\";s:11:\"province_id\";s:2:\"17\";s:4:\"name\";s:16:\"KABUPATEN SELUMA\";s:8:\"alt_name\";s:16:\"KABUPATEN SELUMA\";s:8:\"latitude\";d:-3.96644;s:9:\"longitude\";d:102.47429;}i:120;a:6:{s:2:\"id\";s:4:\"1706\";s:11:\"province_id\";s:2:\"17\";s:4:\"name\";s:18:\"KABUPATEN MUKOMUKO\";s:8:\"alt_name\";s:18:\"KABUPATEN MUKOMUKO\";s:8:\"latitude\";d:-3.07438;s:9:\"longitude\";d:101.54766;}i:121;a:6:{s:2:\"id\";s:4:\"1707\";s:11:\"province_id\";s:2:\"17\";s:4:\"name\";s:16:\"KABUPATEN LEBONG\";s:8:\"alt_name\";s:16:\"KABUPATEN LEBONG\";s:8:\"latitude\";d:-3.24278;s:9:\"longitude\";d:102.3349;}i:122;a:6:{s:2:\"id\";s:4:\"1708\";s:11:\"province_id\";s:2:\"17\";s:4:\"name\";s:19:\"KABUPATEN KEPAHIANG\";s:8:\"alt_name\";s:19:\"KABUPATEN KEPAHIANG\";s:8:\"latitude\";d:-3.60194;s:9:\"longitude\";d:102.56424;}i:123;a:6:{s:2:\"id\";s:4:\"1709\";s:11:\"province_id\";s:2:\"17\";s:4:\"name\";s:25:\"KABUPATEN BENGKULU TENGAH\";s:8:\"alt_name\";s:25:\"KABUPATEN BENGKULU TENGAH\";s:8:\"latitude\";d:-3.20679;s:9:\"longitude\";d:102.12616;}i:124;a:6:{s:2:\"id\";s:4:\"1771\";s:11:\"province_id\";s:2:\"17\";s:4:\"name\";s:13:\"KOTA BENGKULU\";s:8:\"alt_name\";s:13:\"KOTA BENGKULU\";s:8:\"latitude\";d:-3.81667;s:9:\"longitude\";d:102.31667;}i:125;a:6:{s:2:\"id\";s:4:\"1801\";s:11:\"province_id\";s:2:\"18\";s:4:\"name\";s:23:\"KABUPATEN LAMPUNG BARAT\";s:8:\"alt_name\";s:23:\"KABUPATEN LAMPUNG BARAT\";s:8:\"latitude\";d:-5.14904;s:9:\"longitude\";d:104.19309;}i:126;a:6:{s:2:\"id\";s:4:\"1802\";s:11:\"province_id\";s:2:\"18\";s:4:\"name\";s:19:\"KABUPATEN TANGGAMUS\";s:8:\"alt_name\";s:19:\"KABUPATEN TANGGAMUS\";s:8:\"latitude\";d:-5.38508;s:9:\"longitude\";d:104.62349;}i:127;a:6:{s:2:\"id\";s:4:\"1803\";s:11:\"province_id\";s:2:\"18\";s:4:\"name\";s:25:\"KABUPATEN LAMPUNG SELATAN\";s:8:\"alt_name\";s:25:\"KABUPATEN LAMPUNG SELATAN\";s:8:\"latitude\";d:-5.4531;s:9:\"longitude\";d:104.9877;}i:128;a:6:{s:2:\"id\";s:4:\"1804\";s:11:\"province_id\";s:2:\"18\";s:4:\"name\";s:23:\"KABUPATEN LAMPUNG TIMUR\";s:8:\"alt_name\";s:23:\"KABUPATEN LAMPUNG TIMUR\";s:8:\"latitude\";d:-5.10273;s:9:\"longitude\";d:105.68003;}i:129;a:6:{s:2:\"id\";s:4:\"1805\";s:11:\"province_id\";s:2:\"18\";s:4:\"name\";s:24:\"KABUPATEN LAMPUNG TENGAH\";s:8:\"alt_name\";s:24:\"KABUPATEN LAMPUNG TENGAH\";s:8:\"latitude\";d:-4.86667;s:9:\"longitude\";d:105.26667;}i:130;a:6:{s:2:\"id\";s:4:\"1806\";s:11:\"province_id\";s:2:\"18\";s:4:\"name\";s:23:\"KABUPATEN LAMPUNG UTARA\";s:8:\"alt_name\";s:23:\"KABUPATEN LAMPUNG UTARA\";s:8:\"latitude\";d:-4.81667;s:9:\"longitude\";d:104.8;}i:131;a:6:{s:2:\"id\";s:4:\"1807\";s:11:\"province_id\";s:2:\"18\";s:4:\"name\";s:19:\"KABUPATEN WAY KANAN\";s:8:\"alt_name\";s:19:\"KABUPATEN WAY KANAN\";s:8:\"latitude\";d:-4.44705;s:9:\"longitude\";d:104.52753;}i:132;a:6:{s:2:\"id\";s:4:\"1808\";s:11:\"province_id\";s:2:\"18\";s:4:\"name\";s:22:\"KABUPATEN TULANGBAWANG\";s:8:\"alt_name\";s:22:\"KABUPATEN TULANGBAWANG\";s:8:\"latitude\";d:-4.20604;s:9:\"longitude\";d:105.57999;}i:133;a:6:{s:2:\"id\";s:4:\"1809\";s:11:\"province_id\";s:2:\"18\";s:4:\"name\";s:19:\"KABUPATEN PESAWARAN\";s:8:\"alt_name\";s:19:\"KABUPATEN PESAWARAN\";s:8:\"latitude\";d:-5.4298;s:9:\"longitude\";d:105.17899;}i:134;a:6:{s:2:\"id\";s:4:\"1810\";s:11:\"province_id\";s:2:\"18\";s:4:\"name\";s:19:\"KABUPATEN PRINGSEWU\";s:8:\"alt_name\";s:19:\"KABUPATEN PRINGSEWU\";s:8:\"latitude\";d:-5.42211;s:9:\"longitude\";d:104.93454;}i:135;a:6:{s:2:\"id\";s:4:\"1811\";s:11:\"province_id\";s:2:\"18\";s:4:\"name\";s:16:\"KABUPATEN MESUJI\";s:8:\"alt_name\";s:16:\"KABUPATEN MESUJI\";s:8:\"latitude\";d:-4.0439;s:9:\"longitude\";d:105.4013;}i:136;a:6:{s:2:\"id\";s:4:\"1812\";s:11:\"province_id\";s:2:\"18\";s:4:\"name\";s:29:\"KABUPATEN TULANG BAWANG BARAT\";s:8:\"alt_name\";s:29:\"KABUPATEN TULANG BAWANG BARAT\";s:8:\"latitude\";d:-4.43975;s:9:\"longitude\";d:105.0444;}i:137;a:6:{s:2:\"id\";s:4:\"1813\";s:11:\"province_id\";s:2:\"18\";s:4:\"name\";s:23:\"KABUPATEN PESISIR BARAT\";s:8:\"alt_name\";s:23:\"KABUPATEN PESISIR BARAT\";s:8:\"latitude\";d:-5.19323;s:9:\"longitude\";d:103.93976;}i:138;a:6:{s:2:\"id\";s:4:\"1871\";s:11:\"province_id\";s:2:\"18\";s:4:\"name\";s:19:\"KOTA BANDAR LAMPUNG\";s:8:\"alt_name\";s:19:\"KOTA BANDAR LAMPUNG\";s:8:\"latitude\";d:-5.41667;s:9:\"longitude\";d:105.25;}i:139;a:6:{s:2:\"id\";s:4:\"1872\";s:11:\"province_id\";s:2:\"18\";s:4:\"name\";s:10:\"KOTA METRO\";s:8:\"alt_name\";s:10:\"KOTA METRO\";s:8:\"latitude\";d:-5.11856;s:9:\"longitude\";d:105.29949;}i:140;a:6:{s:2:\"id\";s:4:\"1901\";s:11:\"province_id\";s:2:\"19\";s:4:\"name\";s:16:\"KABUPATEN BANGKA\";s:8:\"alt_name\";s:16:\"KABUPATEN BANGKA\";s:8:\"latitude\";d:-1.91667;s:9:\"longitude\";d:105.93333;}i:141;a:6:{s:2:\"id\";s:4:\"1902\";s:11:\"province_id\";s:2:\"19\";s:4:\"name\";s:18:\"KABUPATEN BELITUNG\";s:8:\"alt_name\";s:18:\"KABUPATEN BELITUNG\";s:8:\"latitude\";d:-2.86667;s:9:\"longitude\";d:107.7;}i:142;a:6:{s:2:\"id\";s:4:\"1903\";s:11:\"province_id\";s:2:\"19\";s:4:\"name\";s:22:\"KABUPATEN BANGKA BARAT\";s:8:\"alt_name\";s:22:\"KABUPATEN BANGKA BARAT\";s:8:\"latitude\";d:-1.95839;s:9:\"longitude\";d:105.53741;}i:143;a:6:{s:2:\"id\";s:4:\"1904\";s:11:\"province_id\";s:2:\"19\";s:4:\"name\";s:23:\"KABUPATEN BANGKA TENGAH\";s:8:\"alt_name\";s:23:\"KABUPATEN BANGKA TENGAH\";s:8:\"latitude\";d:-2.33989;s:9:\"longitude\";d:106.1142;}i:144;a:6:{s:2:\"id\";s:4:\"1905\";s:11:\"province_id\";s:2:\"19\";s:4:\"name\";s:24:\"KABUPATEN BANGKA SELATAN\";s:8:\"alt_name\";s:24:\"KABUPATEN BANGKA SELATAN\";s:8:\"latitude\";d:-2.66803;s:9:\"longitude\";d:106.01257;}i:145;a:6:{s:2:\"id\";s:4:\"1906\";s:11:\"province_id\";s:2:\"19\";s:4:\"name\";s:24:\"KABUPATEN BELITUNG TIMUR\";s:8:\"alt_name\";s:24:\"KABUPATEN BELITUNG TIMUR\";s:8:\"latitude\";d:-2.9627;s:9:\"longitude\";d:108.15216;}i:146;a:6:{s:2:\"id\";s:4:\"1971\";s:11:\"province_id\";s:2:\"19\";s:4:\"name\";s:19:\"KOTA PANGKAL PINANG\";s:8:\"alt_name\";s:19:\"KOTA PANGKAL PINANG\";s:8:\"latitude\";d:-2.13333;s:9:\"longitude\";d:106.13333;}i:147;a:6:{s:2:\"id\";s:4:\"2101\";s:11:\"province_id\";s:2:\"21\";s:4:\"name\";s:17:\"KABUPATEN KARIMUN\";s:8:\"alt_name\";s:17:\"KABUPATEN KARIMUN\";s:8:\"latitude\";d:0.80764;s:9:\"longitude\";d:103.41911;}i:148;a:6:{s:2:\"id\";s:4:\"2102\";s:11:\"province_id\";s:2:\"21\";s:4:\"name\";s:16:\"KABUPATEN BINTAN\";s:8:\"alt_name\";s:16:\"KABUPATEN BINTAN\";s:8:\"latitude\";d:0.95;s:9:\"longitude\";d:104.61944;}i:149;a:6:{s:2:\"id\";s:4:\"2103\";s:11:\"province_id\";s:2:\"21\";s:4:\"name\";s:16:\"KABUPATEN NATUNA\";s:8:\"alt_name\";s:16:\"KABUPATEN NATUNA\";s:8:\"latitude\";d:4.71417;s:9:\"longitude\";d:107.97639;}i:150;a:6:{s:2:\"id\";s:4:\"2104\";s:11:\"province_id\";s:2:\"21\";s:4:\"name\";s:16:\"KABUPATEN LINGGA\";s:8:\"alt_name\";s:16:\"KABUPATEN LINGGA\";s:8:\"latitude\";d:0.2;s:9:\"longitude\";d:104.61667;}i:151;a:6:{s:2:\"id\";s:4:\"2105\";s:11:\"province_id\";s:2:\"21\";s:4:\"name\";s:27:\"KABUPATEN KEPULAUAN ANAMBAS\";s:8:\"alt_name\";s:27:\"KABUPATEN KEPULAUAN ANAMBAS\";s:8:\"latitude\";i:3;s:9:\"longitude\";i:106;}i:152;a:6:{s:2:\"id\";s:4:\"2171\";s:11:\"province_id\";s:2:\"21\";s:4:\"name\";s:10:\"KOTA BATAM\";s:8:\"alt_name\";s:10:\"KOTA BATAM\";s:8:\"latitude\";d:1.05211;s:9:\"longitude\";d:104.02851;}i:153;a:6:{s:2:\"id\";s:4:\"2172\";s:11:\"province_id\";s:2:\"21\";s:4:\"name\";s:19:\"KOTA TANJUNG PINANG\";s:8:\"alt_name\";s:19:\"KOTA TANJUNG PINANG\";s:8:\"latitude\";d:0.91683;s:9:\"longitude\";d:104.44329;}i:154;a:6:{s:2:\"id\";s:4:\"3101\";s:11:\"province_id\";s:2:\"31\";s:4:\"name\";s:26:\"KABUPATEN KEPULAUAN SERIBU\";s:8:\"alt_name\";s:26:\"KABUPATEN KEPULAUAN SERIBU\";s:8:\"latitude\";d:-5.5985;s:9:\"longitude\";d:106.55271;}i:155;a:6:{s:2:\"id\";s:4:\"3171\";s:11:\"province_id\";s:2:\"31\";s:4:\"name\";s:20:\"KOTA JAKARTA SELATAN\";s:8:\"alt_name\";s:20:\"KOTA JAKARTA SELATAN\";s:8:\"latitude\";d:-6.266;s:9:\"longitude\";d:106.8135;}i:156;a:6:{s:2:\"id\";s:4:\"3172\";s:11:\"province_id\";s:2:\"31\";s:4:\"name\";s:18:\"KOTA JAKARTA TIMUR\";s:8:\"alt_name\";s:18:\"KOTA JAKARTA TIMUR\";s:8:\"latitude\";d:-6.2521;s:9:\"longitude\";d:106.884;}i:157;a:6:{s:2:\"id\";s:4:\"3173\";s:11:\"province_id\";s:2:\"31\";s:4:\"name\";s:18:\"KOTA JAKARTA PUSAT\";s:8:\"alt_name\";s:18:\"KOTA JAKARTA PUSAT\";s:8:\"latitude\";d:-6.1777;s:9:\"longitude\";d:106.8403;}i:158;a:6:{s:2:\"id\";s:4:\"3174\";s:11:\"province_id\";s:2:\"31\";s:4:\"name\";s:18:\"KOTA JAKARTA BARAT\";s:8:\"alt_name\";s:18:\"KOTA JAKARTA BARAT\";s:8:\"latitude\";d:-6.1676;s:9:\"longitude\";d:106.7673;}i:159;a:6:{s:2:\"id\";s:4:\"3175\";s:11:\"province_id\";s:2:\"31\";s:4:\"name\";s:18:\"KOTA JAKARTA UTARA\";s:8:\"alt_name\";s:18:\"KOTA JAKARTA UTARA\";s:8:\"latitude\";d:-6.1339;s:9:\"longitude\";d:106.8823;}i:160;a:6:{s:2:\"id\";s:4:\"3201\";s:11:\"province_id\";s:2:\"32\";s:4:\"name\";s:15:\"KABUPATEN BOGOR\";s:8:\"alt_name\";s:15:\"KABUPATEN BOGOR\";s:8:\"latitude\";d:-6.58333;s:9:\"longitude\";d:106.71667;}i:161;a:6:{s:2:\"id\";s:4:\"3202\";s:11:\"province_id\";s:2:\"32\";s:4:\"name\";s:18:\"KABUPATEN SUKABUMI\";s:8:\"alt_name\";s:18:\"KABUPATEN SUKABUMI\";s:8:\"latitude\";d:-7.06667;s:9:\"longitude\";d:106.7;}i:162;a:6:{s:2:\"id\";s:4:\"3203\";s:11:\"province_id\";s:2:\"32\";s:4:\"name\";s:17:\"KABUPATEN CIANJUR\";s:8:\"alt_name\";s:17:\"KABUPATEN CIANJUR\";s:8:\"latitude\";d:-6.7725;s:9:\"longitude\";d:107.08306;}i:163;a:6:{s:2:\"id\";s:4:\"3204\";s:11:\"province_id\";s:2:\"32\";s:4:\"name\";s:17:\"KABUPATEN BANDUNG\";s:8:\"alt_name\";s:17:\"KABUPATEN BANDUNG\";s:8:\"latitude\";d:-7.1;s:9:\"longitude\";d:107.6;}i:164;a:6:{s:2:\"id\";s:4:\"3205\";s:11:\"province_id\";s:2:\"32\";s:4:\"name\";s:15:\"KABUPATEN GARUT\";s:8:\"alt_name\";s:15:\"KABUPATEN GARUT\";s:8:\"latitude\";d:-7.38333;s:9:\"longitude\";d:107.76667;}i:165;a:6:{s:2:\"id\";s:4:\"3206\";s:11:\"province_id\";s:2:\"32\";s:4:\"name\";s:21:\"KABUPATEN TASIKMALAYA\";s:8:\"alt_name\";s:21:\"KABUPATEN TASIKMALAYA\";s:8:\"latitude\";d:-7.5;s:9:\"longitude\";d:108.13333;}i:166;a:6:{s:2:\"id\";s:4:\"3207\";s:11:\"province_id\";s:2:\"32\";s:4:\"name\";s:16:\"KABUPATEN CIAMIS\";s:8:\"alt_name\";s:16:\"KABUPATEN CIAMIS\";s:8:\"latitude\";d:-7.28333;s:9:\"longitude\";d:108.41667;}i:167;a:6:{s:2:\"id\";s:4:\"3208\";s:11:\"province_id\";s:2:\"32\";s:4:\"name\";s:18:\"KABUPATEN KUNINGAN\";s:8:\"alt_name\";s:18:\"KABUPATEN KUNINGAN\";s:8:\"latitude\";i:-7;s:9:\"longitude\";d:108.55;}i:168;a:6:{s:2:\"id\";s:4:\"3209\";s:11:\"province_id\";s:2:\"32\";s:4:\"name\";s:17:\"KABUPATEN CIREBON\";s:8:\"alt_name\";s:17:\"KABUPATEN CIREBON\";s:8:\"latitude\";d:-6.8;s:9:\"longitude\";d:108.56667;}i:169;a:6:{s:2:\"id\";s:4:\"3210\";s:11:\"province_id\";s:2:\"32\";s:4:\"name\";s:20:\"KABUPATEN MAJALENGKA\";s:8:\"alt_name\";s:20:\"KABUPATEN MAJALENGKA\";s:8:\"latitude\";d:-6.81667;s:9:\"longitude\";d:108.28333;}i:170;a:6:{s:2:\"id\";s:4:\"3211\";s:11:\"province_id\";s:2:\"32\";s:4:\"name\";s:18:\"KABUPATEN SUMEDANG\";s:8:\"alt_name\";s:18:\"KABUPATEN SUMEDANG\";s:8:\"latitude\";d:-6.81667;s:9:\"longitude\";d:107.98333;}i:171;a:6:{s:2:\"id\";s:4:\"3212\";s:11:\"province_id\";s:2:\"32\";s:4:\"name\";s:19:\"KABUPATEN INDRAMAYU\";s:8:\"alt_name\";s:19:\"KABUPATEN INDRAMAYU\";s:8:\"latitude\";d:-6.45;s:9:\"longitude\";d:108.16667;}i:172;a:6:{s:2:\"id\";s:4:\"3213\";s:11:\"province_id\";s:2:\"32\";s:4:\"name\";s:16:\"KABUPATEN SUBANG\";s:8:\"alt_name\";s:16:\"KABUPATEN SUBANG\";s:8:\"latitude\";d:-6.50833;s:9:\"longitude\";d:107.7025;}i:173;a:6:{s:2:\"id\";s:4:\"3214\";s:11:\"province_id\";s:2:\"32\";s:4:\"name\";s:20:\"KABUPATEN PURWAKARTA\";s:8:\"alt_name\";s:20:\"KABUPATEN PURWAKARTA\";s:8:\"latitude\";d:-6.58333;s:9:\"longitude\";d:107.45;}i:174;a:6:{s:2:\"id\";s:4:\"3215\";s:11:\"province_id\";s:2:\"32\";s:4:\"name\";s:18:\"KABUPATEN KARAWANG\";s:8:\"alt_name\";s:18:\"KABUPATEN KARAWANG\";s:8:\"latitude\";d:-6.26667;s:9:\"longitude\";d:107.41667;}i:175;a:6:{s:2:\"id\";s:4:\"3216\";s:11:\"province_id\";s:2:\"32\";s:4:\"name\";s:16:\"KABUPATEN BEKASI\";s:8:\"alt_name\";s:16:\"KABUPATEN BEKASI\";s:8:\"latitude\";d:-6.24667;s:9:\"longitude\";d:107.10833;}i:176;a:6:{s:2:\"id\";s:4:\"3217\";s:11:\"province_id\";s:2:\"32\";s:4:\"name\";s:23:\"KABUPATEN BANDUNG BARAT\";s:8:\"alt_name\";s:23:\"KABUPATEN BANDUNG BARAT\";s:8:\"latitude\";d:-6.83333;s:9:\"longitude\";d:107.48333;}i:177;a:6:{s:2:\"id\";s:4:\"3218\";s:11:\"province_id\";s:2:\"32\";s:4:\"name\";s:21:\"KABUPATEN PANGANDARAN\";s:8:\"alt_name\";s:21:\"KABUPATEN PANGANDARAN\";s:8:\"latitude\";d:-7.6673;s:9:\"longitude\";d:108.64037;}i:178;a:6:{s:2:\"id\";s:4:\"3271\";s:11:\"province_id\";s:2:\"32\";s:4:\"name\";s:10:\"KOTA BOGOR\";s:8:\"alt_name\";s:10:\"KOTA BOGOR\";s:8:\"latitude\";d:-6.59167;s:9:\"longitude\";d:106.8;}i:179;a:6:{s:2:\"id\";s:4:\"3272\";s:11:\"province_id\";s:2:\"32\";s:4:\"name\";s:13:\"KOTA SUKABUMI\";s:8:\"alt_name\";s:13:\"KOTA SUKABUMI\";s:8:\"latitude\";d:-6.95;s:9:\"longitude\";d:106.93333;}i:180;a:6:{s:2:\"id\";s:4:\"3273\";s:11:\"province_id\";s:2:\"32\";s:4:\"name\";s:12:\"KOTA BANDUNG\";s:8:\"alt_name\";s:12:\"KOTA BANDUNG\";s:8:\"latitude\";d:-6.9175;s:9:\"longitude\";d:107.62444;}i:181;a:6:{s:2:\"id\";s:4:\"3274\";s:11:\"province_id\";s:2:\"32\";s:4:\"name\";s:12:\"KOTA CIREBON\";s:8:\"alt_name\";s:12:\"KOTA CIREBON\";s:8:\"latitude\";d:-6.75;s:9:\"longitude\";d:108.55;}i:182;a:6:{s:2:\"id\";s:4:\"3275\";s:11:\"province_id\";s:2:\"32\";s:4:\"name\";s:11:\"KOTA BEKASI\";s:8:\"alt_name\";s:11:\"KOTA BEKASI\";s:8:\"latitude\";d:-6.28333;s:9:\"longitude\";d:106.98333;}i:183;a:6:{s:2:\"id\";s:4:\"3276\";s:11:\"province_id\";s:2:\"32\";s:4:\"name\";s:10:\"KOTA DEPOK\";s:8:\"alt_name\";s:10:\"KOTA DEPOK\";s:8:\"latitude\";d:-6.4;s:9:\"longitude\";d:106.81667;}i:184;a:6:{s:2:\"id\";s:4:\"3277\";s:11:\"province_id\";s:2:\"32\";s:4:\"name\";s:11:\"KOTA CIMAHI\";s:8:\"alt_name\";s:11:\"KOTA CIMAHI\";s:8:\"latitude\";d:-6.89167;s:9:\"longitude\";d:107.55;}i:185;a:6:{s:2:\"id\";s:4:\"3278\";s:11:\"province_id\";s:2:\"32\";s:4:\"name\";s:16:\"KOTA TASIKMALAYA\";s:8:\"alt_name\";s:16:\"KOTA TASIKMALAYA\";s:8:\"latitude\";d:-7.35;s:9:\"longitude\";d:108.21667;}i:186;a:6:{s:2:\"id\";s:4:\"3279\";s:11:\"province_id\";s:2:\"32\";s:4:\"name\";s:11:\"KOTA BANJAR\";s:8:\"alt_name\";s:11:\"KOTA BANJAR\";s:8:\"latitude\";d:-7.36996;s:9:\"longitude\";d:108.53209;}i:187;a:6:{s:2:\"id\";s:4:\"3301\";s:11:\"province_id\";s:2:\"33\";s:4:\"name\";s:17:\"KABUPATEN CILACAP\";s:8:\"alt_name\";s:17:\"KABUPATEN CILACAP\";s:8:\"latitude\";d:-7.57417;s:9:\"longitude\";d:108.98861;}i:188;a:6:{s:2:\"id\";s:4:\"3302\";s:11:\"province_id\";s:2:\"33\";s:4:\"name\";s:18:\"KABUPATEN BANYUMAS\";s:8:\"alt_name\";s:18:\"KABUPATEN BANYUMAS\";s:8:\"latitude\";d:-7.45;s:9:\"longitude\";d:109.16667;}i:189;a:6:{s:2:\"id\";s:4:\"3303\";s:11:\"province_id\";s:2:\"33\";s:4:\"name\";s:21:\"KABUPATEN PURBALINGGA\";s:8:\"alt_name\";s:21:\"KABUPATEN PURBALINGGA\";s:8:\"latitude\";d:-7.28417;s:9:\"longitude\";d:109.35028;}i:190;a:6:{s:2:\"id\";s:4:\"3304\";s:11:\"province_id\";s:2:\"33\";s:4:\"name\";s:22:\"KABUPATEN BANJARNEGARA\";s:8:\"alt_name\";s:22:\"KABUPATEN BANJARNEGARA\";s:8:\"latitude\";d:-7.35111;s:9:\"longitude\";d:109.5875;}i:191;a:6:{s:2:\"id\";s:4:\"3305\";s:11:\"province_id\";s:2:\"33\";s:4:\"name\";s:17:\"KABUPATEN KEBUMEN\";s:8:\"alt_name\";s:17:\"KABUPATEN KEBUMEN\";s:8:\"latitude\";d:-7.63917;s:9:\"longitude\";d:109.66056;}i:192;a:6:{s:2:\"id\";s:4:\"3306\";s:11:\"province_id\";s:2:\"33\";s:4:\"name\";s:19:\"KABUPATEN PURWOREJO\";s:8:\"alt_name\";s:19:\"KABUPATEN PURWOREJO\";s:8:\"latitude\";d:-7.7;s:9:\"longitude\";d:109.96667;}i:193;a:6:{s:2:\"id\";s:4:\"3307\";s:11:\"province_id\";s:2:\"33\";s:4:\"name\";s:18:\"KABUPATEN WONOSOBO\";s:8:\"alt_name\";s:18:\"KABUPATEN WONOSOBO\";s:8:\"latitude\";d:-7.36139;s:9:\"longitude\";d:109.92667;}i:194;a:6:{s:2:\"id\";s:4:\"3308\";s:11:\"province_id\";s:2:\"33\";s:4:\"name\";s:18:\"KABUPATEN MAGELANG\";s:8:\"alt_name\";s:18:\"KABUPATEN MAGELANG\";s:8:\"latitude\";d:-7.4275;s:9:\"longitude\";d:110.16194;}i:195;a:6:{s:2:\"id\";s:4:\"3309\";s:11:\"province_id\";s:2:\"33\";s:4:\"name\";s:18:\"KABUPATEN BOYOLALI\";s:8:\"alt_name\";s:18:\"KABUPATEN BOYOLALI\";s:8:\"latitude\";d:-7.5;s:9:\"longitude\";d:110.7;}i:196;a:6:{s:2:\"id\";s:4:\"3310\";s:11:\"province_id\";s:2:\"33\";s:4:\"name\";s:16:\"KABUPATEN KLATEN\";s:8:\"alt_name\";s:16:\"KABUPATEN KLATEN\";s:8:\"latitude\";d:-7.68333;s:9:\"longitude\";d:110.61667;}i:197;a:6:{s:2:\"id\";s:4:\"3311\";s:11:\"province_id\";s:2:\"33\";s:4:\"name\";s:19:\"KABUPATEN SUKOHARJO\";s:8:\"alt_name\";s:19:\"KABUPATEN SUKOHARJO\";s:8:\"latitude\";d:-7.68333;s:9:\"longitude\";d:110.83333;}i:198;a:6:{s:2:\"id\";s:4:\"3312\";s:11:\"province_id\";s:2:\"33\";s:4:\"name\";s:18:\"KABUPATEN WONOGIRI\";s:8:\"alt_name\";s:18:\"KABUPATEN WONOGIRI\";s:8:\"latitude\";d:-7.91667;s:9:\"longitude\";i:111;}i:199;a:6:{s:2:\"id\";s:4:\"3313\";s:11:\"province_id\";s:2:\"33\";s:4:\"name\";s:21:\"KABUPATEN KARANGANYAR\";s:8:\"alt_name\";s:21:\"KABUPATEN KARANGANYAR\";s:8:\"latitude\";d:-7.62806;s:9:\"longitude\";d:111.0625;}i:200;a:6:{s:2:\"id\";s:4:\"3314\";s:11:\"province_id\";s:2:\"33\";s:4:\"name\";s:16:\"KABUPATEN SRAGEN\";s:8:\"alt_name\";s:16:\"KABUPATEN SRAGEN\";s:8:\"latitude\";d:-7.41278;s:9:\"longitude\";d:110.935;}i:201;a:6:{s:2:\"id\";s:4:\"3315\";s:11:\"province_id\";s:2:\"33\";s:4:\"name\";s:18:\"KABUPATEN GROBOGAN\";s:8:\"alt_name\";s:18:\"KABUPATEN GROBOGAN\";s:8:\"latitude\";d:-7.11667;s:9:\"longitude\";d:110.91667;}i:202;a:6:{s:2:\"id\";s:4:\"3316\";s:11:\"province_id\";s:2:\"33\";s:4:\"name\";s:15:\"KABUPATEN BLORA\";s:8:\"alt_name\";s:15:\"KABUPATEN BLORA\";s:8:\"latitude\";d:-7.06667;s:9:\"longitude\";d:111.38333;}i:203;a:6:{s:2:\"id\";s:4:\"3317\";s:11:\"province_id\";s:2:\"33\";s:4:\"name\";s:17:\"KABUPATEN REMBANG\";s:8:\"alt_name\";s:17:\"KABUPATEN REMBANG\";s:8:\"latitude\";d:-6.78333;s:9:\"longitude\";d:111.46667;}i:204;a:6:{s:2:\"id\";s:4:\"3318\";s:11:\"province_id\";s:2:\"33\";s:4:\"name\";s:14:\"KABUPATEN PATI\";s:8:\"alt_name\";s:14:\"KABUPATEN PATI\";s:8:\"latitude\";d:-6.76667;s:9:\"longitude\";d:111.1;}i:205;a:6:{s:2:\"id\";s:4:\"3319\";s:11:\"province_id\";s:2:\"33\";s:4:\"name\";s:15:\"KABUPATEN KUDUS\";s:8:\"alt_name\";s:15:\"KABUPATEN KUDUS\";s:8:\"latitude\";d:-6.8;s:9:\"longitude\";d:110.86667;}i:206;a:6:{s:2:\"id\";s:4:\"3320\";s:11:\"province_id\";s:2:\"33\";s:4:\"name\";s:16:\"KABUPATEN JEPARA\";s:8:\"alt_name\";s:16:\"KABUPATEN JEPARA\";s:8:\"latitude\";d:-6.58333;s:9:\"longitude\";d:110.76667;}i:207;a:6:{s:2:\"id\";s:4:\"3321\";s:11:\"province_id\";s:2:\"33\";s:4:\"name\";s:15:\"KABUPATEN DEMAK\";s:8:\"alt_name\";s:15:\"KABUPATEN DEMAK\";s:8:\"latitude\";d:-6.8993;s:9:\"longitude\";d:110.6122;}i:208;a:6:{s:2:\"id\";s:4:\"3322\";s:11:\"province_id\";s:2:\"33\";s:4:\"name\";s:18:\"KABUPATEN SEMARANG\";s:8:\"alt_name\";s:18:\"KABUPATEN SEMARANG\";s:8:\"latitude\";d:-7.20667;s:9:\"longitude\";d:110.44139;}i:209;a:6:{s:2:\"id\";s:4:\"3323\";s:11:\"province_id\";s:2:\"33\";s:4:\"name\";s:20:\"KABUPATEN TEMANGGUNG\";s:8:\"alt_name\";s:20:\"KABUPATEN TEMANGGUNG\";s:8:\"latitude\";d:-7.25;s:9:\"longitude\";d:110.11667;}i:210;a:6:{s:2:\"id\";s:4:\"3324\";s:11:\"province_id\";s:2:\"33\";s:4:\"name\";s:16:\"KABUPATEN KENDAL\";s:8:\"alt_name\";s:16:\"KABUPATEN KENDAL\";s:8:\"latitude\";d:-7.0256;s:9:\"longitude\";d:110.1685;}i:211;a:6:{s:2:\"id\";s:4:\"3325\";s:11:\"province_id\";s:2:\"33\";s:4:\"name\";s:16:\"KABUPATEN BATANG\";s:8:\"alt_name\";s:16:\"KABUPATEN BATANG\";s:8:\"latitude\";d:-7.03333;s:9:\"longitude\";d:109.88333;}i:212;a:6:{s:2:\"id\";s:4:\"3326\";s:11:\"province_id\";s:2:\"33\";s:4:\"name\";s:20:\"KABUPATEN PEKALONGAN\";s:8:\"alt_name\";s:20:\"KABUPATEN PEKALONGAN\";s:8:\"latitude\";d:-7.0319;s:9:\"longitude\";d:109.624;}i:213;a:6:{s:2:\"id\";s:4:\"3327\";s:11:\"province_id\";s:2:\"33\";s:4:\"name\";s:18:\"KABUPATEN PEMALANG\";s:8:\"alt_name\";s:18:\"KABUPATEN PEMALANG\";s:8:\"latitude\";d:-7.03333;s:9:\"longitude\";d:109.4;}i:214;a:6:{s:2:\"id\";s:4:\"3328\";s:11:\"province_id\";s:2:\"33\";s:4:\"name\";s:15:\"KABUPATEN TEGAL\";s:8:\"alt_name\";s:15:\"KABUPATEN TEGAL\";s:8:\"latitude\";d:-7.03333;s:9:\"longitude\";d:109.16667;}i:215;a:6:{s:2:\"id\";s:4:\"3329\";s:11:\"province_id\";s:2:\"33\";s:4:\"name\";s:16:\"KABUPATEN BREBES\";s:8:\"alt_name\";s:16:\"KABUPATEN BREBES\";s:8:\"latitude\";d:-7.05;s:9:\"longitude\";d:108.9;}i:216;a:6:{s:2:\"id\";s:4:\"3371\";s:11:\"province_id\";s:2:\"33\";s:4:\"name\";s:13:\"KOTA MAGELANG\";s:8:\"alt_name\";s:13:\"KOTA MAGELANG\";s:8:\"latitude\";d:-7.5;s:9:\"longitude\";d:110.225;}i:217;a:6:{s:2:\"id\";s:4:\"3372\";s:11:\"province_id\";s:2:\"33\";s:4:\"name\";s:14:\"KOTA SURAKARTA\";s:8:\"alt_name\";s:14:\"KOTA SURAKARTA\";s:8:\"latitude\";d:-7.55;s:9:\"longitude\";d:110.81667;}i:218;a:6:{s:2:\"id\";s:4:\"3373\";s:11:\"province_id\";s:2:\"33\";s:4:\"name\";s:13:\"KOTA SALATIGA\";s:8:\"alt_name\";s:13:\"KOTA SALATIGA\";s:8:\"latitude\";d:-7.33278;s:9:\"longitude\";d:110.48333;}i:219;a:6:{s:2:\"id\";s:4:\"3374\";s:11:\"province_id\";s:2:\"33\";s:4:\"name\";s:13:\"KOTA SEMARANG\";s:8:\"alt_name\";s:13:\"KOTA SEMARANG\";s:8:\"latitude\";d:-7.03333;s:9:\"longitude\";d:110.38333;}i:220;a:6:{s:2:\"id\";s:4:\"3375\";s:11:\"province_id\";s:2:\"33\";s:4:\"name\";s:15:\"KOTA PEKALONGAN\";s:8:\"alt_name\";s:15:\"KOTA PEKALONGAN\";s:8:\"latitude\";d:-6.9;s:9:\"longitude\";d:109.68333;}i:221;a:6:{s:2:\"id\";s:4:\"3376\";s:11:\"province_id\";s:2:\"33\";s:4:\"name\";s:10:\"KOTA TEGAL\";s:8:\"alt_name\";s:10:\"KOTA TEGAL\";s:8:\"latitude\";d:-6.8686;s:9:\"longitude\";d:109.1129;}i:222;a:6:{s:2:\"id\";s:4:\"3401\";s:11:\"province_id\";s:2:\"34\";s:4:\"name\";s:21:\"KABUPATEN KULON PROGO\";s:8:\"alt_name\";s:21:\"KABUPATEN KULON PROGO\";s:8:\"latitude\";d:-7.645;s:9:\"longitude\";d:110.02694;}i:223;a:6:{s:2:\"id\";s:4:\"3402\";s:11:\"province_id\";s:2:\"34\";s:4:\"name\";s:16:\"KABUPATEN BANTUL\";s:8:\"alt_name\";s:16:\"KABUPATEN BANTUL\";s:8:\"latitude\";d:-7.9;s:9:\"longitude\";d:110.36667;}i:224;a:6:{s:2:\"id\";s:4:\"3403\";s:11:\"province_id\";s:2:\"34\";s:4:\"name\";s:22:\"KABUPATEN GUNUNG KIDUL\";s:8:\"alt_name\";s:22:\"KABUPATEN GUNUNG KIDUL\";s:8:\"latitude\";d:-7.98333;s:9:\"longitude\";d:110.61667;}i:225;a:6:{s:2:\"id\";s:4:\"3404\";s:11:\"province_id\";s:2:\"34\";s:4:\"name\";s:16:\"KABUPATEN SLEMAN\";s:8:\"alt_name\";s:16:\"KABUPATEN SLEMAN\";s:8:\"latitude\";d:-7.68167;s:9:\"longitude\";d:110.32333;}i:226;a:6:{s:2:\"id\";s:4:\"3471\";s:11:\"province_id\";s:2:\"34\";s:4:\"name\";s:15:\"KOTA YOGYAKARTA\";s:8:\"alt_name\";s:15:\"KOTA YOGYAKARTA\";s:8:\"latitude\";d:-7.8;s:9:\"longitude\";d:110.375;}i:227;a:6:{s:2:\"id\";s:4:\"3501\";s:11:\"province_id\";s:2:\"35\";s:4:\"name\";s:17:\"KABUPATEN PACITAN\";s:8:\"alt_name\";s:17:\"KABUPATEN PACITAN\";s:8:\"latitude\";d:-8.13333;s:9:\"longitude\";d:111.16667;}i:228;a:6:{s:2:\"id\";s:4:\"3502\";s:11:\"province_id\";s:2:\"35\";s:4:\"name\";s:18:\"KABUPATEN PONOROGO\";s:8:\"alt_name\";s:18:\"KABUPATEN PONOROGO\";s:8:\"latitude\";d:-7.93333;s:9:\"longitude\";d:111.5;}i:229;a:6:{s:2:\"id\";s:4:\"3503\";s:11:\"province_id\";s:2:\"35\";s:4:\"name\";s:20:\"KABUPATEN TRENGGALEK\";s:8:\"alt_name\";s:20:\"KABUPATEN TRENGGALEK\";s:8:\"latitude\";d:-8.16667;s:9:\"longitude\";d:111.61667;}i:230;a:6:{s:2:\"id\";s:4:\"3504\";s:11:\"province_id\";s:2:\"35\";s:4:\"name\";s:21:\"KABUPATEN TULUNGAGUNG\";s:8:\"alt_name\";s:21:\"KABUPATEN TULUNGAGUNG\";s:8:\"latitude\";d:-8.11667;s:9:\"longitude\";d:111.91667;}i:231;a:6:{s:2:\"id\";s:4:\"3505\";s:11:\"province_id\";s:2:\"35\";s:4:\"name\";s:16:\"KABUPATEN BLITAR\";s:8:\"alt_name\";s:16:\"KABUPATEN BLITAR\";s:8:\"latitude\";d:-8.13333;s:9:\"longitude\";d:112.25;}i:232;a:6:{s:2:\"id\";s:4:\"3506\";s:11:\"province_id\";s:2:\"35\";s:4:\"name\";s:16:\"KABUPATEN KEDIRI\";s:8:\"alt_name\";s:16:\"KABUPATEN KEDIRI\";s:8:\"latitude\";d:-7.83333;s:9:\"longitude\";d:112.16667;}i:233;a:6:{s:2:\"id\";s:4:\"3507\";s:11:\"province_id\";s:2:\"35\";s:4:\"name\";s:16:\"KABUPATEN MALANG\";s:8:\"alt_name\";s:16:\"KABUPATEN MALANG\";s:8:\"latitude\";d:-8.16667;s:9:\"longitude\";d:112.66667;}i:234;a:6:{s:2:\"id\";s:4:\"3508\";s:11:\"province_id\";s:2:\"35\";s:4:\"name\";s:18:\"KABUPATEN LUMAJANG\";s:8:\"alt_name\";s:18:\"KABUPATEN LUMAJANG\";s:8:\"latitude\";d:-8.11667;s:9:\"longitude\";d:113.15;}i:235;a:6:{s:2:\"id\";s:4:\"3509\";s:11:\"province_id\";s:2:\"35\";s:4:\"name\";s:16:\"KABUPATEN JEMBER\";s:8:\"alt_name\";s:16:\"KABUPATEN JEMBER\";s:8:\"latitude\";d:-8.25;s:9:\"longitude\";d:113.65;}i:236;a:6:{s:2:\"id\";s:4:\"3510\";s:11:\"province_id\";s:2:\"35\";s:4:\"name\";s:20:\"KABUPATEN BANYUWANGI\";s:8:\"alt_name\";s:20:\"KABUPATEN BANYUWANGI\";s:8:\"latitude\";d:-8.33333;s:9:\"longitude\";d:114.2;}i:237;a:6:{s:2:\"id\";s:4:\"3511\";s:11:\"province_id\";s:2:\"35\";s:4:\"name\";s:19:\"KABUPATEN BONDOWOSO\";s:8:\"alt_name\";s:19:\"KABUPATEN BONDOWOSO\";s:8:\"latitude\";d:-7.9404;s:9:\"longitude\";d:113.9834;}i:238;a:6:{s:2:\"id\";s:4:\"3512\";s:11:\"province_id\";s:2:\"35\";s:4:\"name\";s:19:\"KABUPATEN SITUBONDO\";s:8:\"alt_name\";s:19:\"KABUPATEN SITUBONDO\";s:8:\"latitude\";d:-7.71667;s:9:\"longitude\";d:114.05;}i:239;a:6:{s:2:\"id\";s:4:\"3513\";s:11:\"province_id\";s:2:\"35\";s:4:\"name\";s:21:\"KABUPATEN PROBOLINGGO\";s:8:\"alt_name\";s:21:\"KABUPATEN PROBOLINGGO\";s:8:\"latitude\";d:-7.86667;s:9:\"longitude\";d:113.31667;}i:240;a:6:{s:2:\"id\";s:4:\"3514\";s:11:\"province_id\";s:2:\"35\";s:4:\"name\";s:18:\"KABUPATEN PASURUAN\";s:8:\"alt_name\";s:18:\"KABUPATEN PASURUAN\";s:8:\"latitude\";d:-7.73333;s:9:\"longitude\";d:112.83333;}i:241;a:6:{s:2:\"id\";s:4:\"3515\";s:11:\"province_id\";s:2:\"35\";s:4:\"name\";s:18:\"KABUPATEN SIDOARJO\";s:8:\"alt_name\";s:18:\"KABUPATEN SIDOARJO\";s:8:\"latitude\";d:-7.45;s:9:\"longitude\";d:112.7;}i:242;a:6:{s:2:\"id\";s:4:\"3516\";s:11:\"province_id\";s:2:\"35\";s:4:\"name\";s:19:\"KABUPATEN MOJOKERTO\";s:8:\"alt_name\";s:19:\"KABUPATEN MOJOKERTO\";s:8:\"latitude\";d:-7.55;s:9:\"longitude\";d:112.5;}i:243;a:6:{s:2:\"id\";s:4:\"3517\";s:11:\"province_id\";s:2:\"35\";s:4:\"name\";s:17:\"KABUPATEN JOMBANG\";s:8:\"alt_name\";s:17:\"KABUPATEN JOMBANG\";s:8:\"latitude\";d:-7.55;s:9:\"longitude\";d:112.25;}i:244;a:6:{s:2:\"id\";s:4:\"3518\";s:11:\"province_id\";s:2:\"35\";s:4:\"name\";s:17:\"KABUPATEN NGANJUK\";s:8:\"alt_name\";s:17:\"KABUPATEN NGANJUK\";s:8:\"latitude\";d:-7.6;s:9:\"longitude\";d:111.93333;}i:245;a:6:{s:2:\"id\";s:4:\"3519\";s:11:\"province_id\";s:2:\"35\";s:4:\"name\";s:16:\"KABUPATEN MADIUN\";s:8:\"alt_name\";s:16:\"KABUPATEN MADIUN\";s:8:\"latitude\";d:-7.61667;s:9:\"longitude\";d:111.65;}i:246;a:6:{s:2:\"id\";s:4:\"3520\";s:11:\"province_id\";s:2:\"35\";s:4:\"name\";s:17:\"KABUPATEN MAGETAN\";s:8:\"alt_name\";s:17:\"KABUPATEN MAGETAN\";s:8:\"latitude\";d:-7.64472;s:9:\"longitude\";d:111.35917;}i:247;a:6:{s:2:\"id\";s:4:\"3521\";s:11:\"province_id\";s:2:\"35\";s:4:\"name\";s:15:\"KABUPATEN NGAWI\";s:8:\"alt_name\";s:15:\"KABUPATEN NGAWI\";s:8:\"latitude\";d:-7.47444;s:9:\"longitude\";d:111.33444;}i:248;a:6:{s:2:\"id\";s:4:\"3522\";s:11:\"province_id\";s:2:\"35\";s:4:\"name\";s:20:\"KABUPATEN BOJONEGORO\";s:8:\"alt_name\";s:20:\"KABUPATEN BOJONEGORO\";s:8:\"latitude\";d:-7.25;s:9:\"longitude\";d:111.8;}i:249;a:6:{s:2:\"id\";s:4:\"3523\";s:11:\"province_id\";s:2:\"35\";s:4:\"name\";s:15:\"KABUPATEN TUBAN\";s:8:\"alt_name\";s:15:\"KABUPATEN TUBAN\";s:8:\"latitude\";d:-6.96667;s:9:\"longitude\";d:111.9;}i:250;a:6:{s:2:\"id\";s:4:\"3524\";s:11:\"province_id\";s:2:\"35\";s:4:\"name\";s:18:\"KABUPATEN LAMONGAN\";s:8:\"alt_name\";s:18:\"KABUPATEN LAMONGAN\";s:8:\"latitude\";d:-7.13333;s:9:\"longitude\";d:112.31667;}i:251;a:6:{s:2:\"id\";s:4:\"3525\";s:11:\"province_id\";s:2:\"35\";s:4:\"name\";s:16:\"KABUPATEN GRESIK\";s:8:\"alt_name\";s:16:\"KABUPATEN GRESIK\";s:8:\"latitude\";d:-7.1933;s:9:\"longitude\";d:112.553;}i:252;a:6:{s:2:\"id\";s:4:\"3526\";s:11:\"province_id\";s:2:\"35\";s:4:\"name\";s:19:\"KABUPATEN BANGKALAN\";s:8:\"alt_name\";s:19:\"KABUPATEN BANGKALAN\";s:8:\"latitude\";d:-7.05;s:9:\"longitude\";d:112.93333;}i:253;a:6:{s:2:\"id\";s:4:\"3527\";s:11:\"province_id\";s:2:\"35\";s:4:\"name\";s:17:\"KABUPATEN SAMPANG\";s:8:\"alt_name\";s:17:\"KABUPATEN SAMPANG\";s:8:\"latitude\";d:-7.05;s:9:\"longitude\";d:113.25;}i:254;a:6:{s:2:\"id\";s:4:\"3528\";s:11:\"province_id\";s:2:\"35\";s:4:\"name\";s:19:\"KABUPATEN PAMEKASAN\";s:8:\"alt_name\";s:19:\"KABUPATEN PAMEKASAN\";s:8:\"latitude\";d:-7.06667;s:9:\"longitude\";d:113.5;}i:255;a:6:{s:2:\"id\";s:4:\"3529\";s:11:\"province_id\";s:2:\"35\";s:4:\"name\";s:17:\"KABUPATEN SUMENEP\";s:8:\"alt_name\";s:17:\"KABUPATEN SUMENEP\";s:8:\"latitude\";d:-7.11667;s:9:\"longitude\";d:114.33333;}i:256;a:6:{s:2:\"id\";s:4:\"3571\";s:11:\"province_id\";s:2:\"35\";s:4:\"name\";s:11:\"KOTA KEDIRI\";s:8:\"alt_name\";s:11:\"KOTA KEDIRI\";s:8:\"latitude\";d:-7.83333;s:9:\"longitude\";d:112.01667;}i:257;a:6:{s:2:\"id\";s:4:\"3572\";s:11:\"province_id\";s:2:\"35\";s:4:\"name\";s:11:\"KOTA BLITAR\";s:8:\"alt_name\";s:11:\"KOTA BLITAR\";s:8:\"latitude\";d:-8.1;s:9:\"longitude\";d:112.16667;}i:258;a:6:{s:2:\"id\";s:4:\"3573\";s:11:\"province_id\";s:2:\"35\";s:4:\"name\";s:11:\"KOTA MALANG\";s:8:\"alt_name\";s:11:\"KOTA MALANG\";s:8:\"latitude\";d:-7.975;s:9:\"longitude\";d:112.63333;}i:259;a:6:{s:2:\"id\";s:4:\"3574\";s:11:\"province_id\";s:2:\"35\";s:4:\"name\";s:16:\"KOTA PROBOLINGGO\";s:8:\"alt_name\";s:16:\"KOTA PROBOLINGGO\";s:8:\"latitude\";d:-7.78333;s:9:\"longitude\";d:113.21667;}i:260;a:6:{s:2:\"id\";s:4:\"3575\";s:11:\"province_id\";s:2:\"35\";s:4:\"name\";s:13:\"KOTA PASURUAN\";s:8:\"alt_name\";s:13:\"KOTA PASURUAN\";s:8:\"latitude\";d:-7.65;s:9:\"longitude\";d:112.9;}i:261;a:6:{s:2:\"id\";s:4:\"3576\";s:11:\"province_id\";s:2:\"35\";s:4:\"name\";s:14:\"KOTA MOJOKERTO\";s:8:\"alt_name\";s:14:\"KOTA MOJOKERTO\";s:8:\"latitude\";d:-7.46667;s:9:\"longitude\";d:112.43333;}i:262;a:6:{s:2:\"id\";s:4:\"3577\";s:11:\"province_id\";s:2:\"35\";s:4:\"name\";s:11:\"KOTA MADIUN\";s:8:\"alt_name\";s:11:\"KOTA MADIUN\";s:8:\"latitude\";d:-7.63333;s:9:\"longitude\";d:111.53333;}i:263;a:6:{s:2:\"id\";s:4:\"3578\";s:11:\"province_id\";s:2:\"35\";s:4:\"name\";s:13:\"KOTA SURABAYA\";s:8:\"alt_name\";s:13:\"KOTA SURABAYA\";s:8:\"latitude\";d:-7.26667;s:9:\"longitude\";d:112.71667;}i:264;a:6:{s:2:\"id\";s:4:\"3579\";s:11:\"province_id\";s:2:\"35\";s:4:\"name\";s:9:\"KOTA BATU\";s:8:\"alt_name\";s:9:\"KOTA BATU\";s:8:\"latitude\";d:-7.83272;s:9:\"longitude\";d:112.53751;}i:265;a:6:{s:2:\"id\";s:4:\"3601\";s:11:\"province_id\";s:2:\"36\";s:4:\"name\";s:20:\"KABUPATEN PANDEGLANG\";s:8:\"alt_name\";s:20:\"KABUPATEN PANDEGLANG\";s:8:\"latitude\";d:-6.63333;s:9:\"longitude\";d:105.75;}i:266;a:6:{s:2:\"id\";s:4:\"3602\";s:11:\"province_id\";s:2:\"36\";s:4:\"name\";s:15:\"KABUPATEN LEBAK\";s:8:\"alt_name\";s:15:\"KABUPATEN LEBAK\";s:8:\"latitude\";d:-6.65;s:9:\"longitude\";d:106.21667;}i:267;a:6:{s:2:\"id\";s:4:\"3603\";s:11:\"province_id\";s:2:\"36\";s:4:\"name\";s:19:\"KABUPATEN TANGERANG\";s:8:\"alt_name\";s:19:\"KABUPATEN TANGERANG\";s:8:\"latitude\";d:-6.2;s:9:\"longitude\";d:106.46667;}i:268;a:6:{s:2:\"id\";s:4:\"3604\";s:11:\"province_id\";s:2:\"36\";s:4:\"name\";s:16:\"KABUPATEN SERANG\";s:8:\"alt_name\";s:16:\"KABUPATEN SERANG\";s:8:\"latitude\";d:-6.15;s:9:\"longitude\";i:106;}i:269;a:6:{s:2:\"id\";s:4:\"3671\";s:11:\"province_id\";s:2:\"36\";s:4:\"name\";s:14:\"KOTA TANGERANG\";s:8:\"alt_name\";s:14:\"KOTA TANGERANG\";s:8:\"latitude\";d:-6.17944;s:9:\"longitude\";d:106.62991;}i:270;a:6:{s:2:\"id\";s:4:\"3672\";s:11:\"province_id\";s:2:\"36\";s:4:\"name\";s:12:\"KOTA CILEGON\";s:8:\"alt_name\";s:12:\"KOTA CILEGON\";s:8:\"latitude\";d:-6.01667;s:9:\"longitude\";d:106.01667;}i:271;a:6:{s:2:\"id\";s:4:\"3673\";s:11:\"province_id\";s:2:\"36\";s:4:\"name\";s:11:\"KOTA SERANG\";s:8:\"alt_name\";s:11:\"KOTA SERANG\";s:8:\"latitude\";d:-6.12563;s:9:\"longitude\";d:106.14999;}i:272;a:6:{s:2:\"id\";s:4:\"3674\";s:11:\"province_id\";s:2:\"36\";s:4:\"name\";s:22:\"KOTA TANGERANG SELATAN\";s:8:\"alt_name\";s:22:\"KOTA TANGERANG SELATAN\";s:8:\"latitude\";d:-6.29373;s:9:\"longitude\";d:106.71244;}i:273;a:6:{s:2:\"id\";s:4:\"5101\";s:11:\"province_id\";s:2:\"51\";s:4:\"name\";s:18:\"KABUPATEN JEMBRANA\";s:8:\"alt_name\";s:18:\"KABUPATEN JEMBRANA\";s:8:\"latitude\";d:-8.3;s:9:\"longitude\";d:114.66667;}i:274;a:6:{s:2:\"id\";s:4:\"5102\";s:11:\"province_id\";s:2:\"51\";s:4:\"name\";s:17:\"KABUPATEN TABANAN\";s:8:\"alt_name\";s:17:\"KABUPATEN TABANAN\";s:8:\"latitude\";d:-8.43333;s:9:\"longitude\";d:115.06667;}i:275;a:6:{s:2:\"id\";s:4:\"5103\";s:11:\"province_id\";s:2:\"51\";s:4:\"name\";s:16:\"KABUPATEN BADUNG\";s:8:\"alt_name\";s:16:\"KABUPATEN BADUNG\";s:8:\"latitude\";d:-8.51667;s:9:\"longitude\";d:115.2;}i:276;a:6:{s:2:\"id\";s:4:\"5104\";s:11:\"province_id\";s:2:\"51\";s:4:\"name\";s:17:\"KABUPATEN GIANYAR\";s:8:\"alt_name\";s:17:\"KABUPATEN GIANYAR\";s:8:\"latitude\";d:-8.46667;s:9:\"longitude\";d:115.28333;}i:277;a:6:{s:2:\"id\";s:4:\"5105\";s:11:\"province_id\";s:2:\"51\";s:4:\"name\";s:19:\"KABUPATEN KLUNGKUNG\";s:8:\"alt_name\";s:19:\"KABUPATEN KLUNGKUNG\";s:8:\"latitude\";d:-8.55;s:9:\"longitude\";d:115.4;}i:278;a:6:{s:2:\"id\";s:4:\"5106\";s:11:\"province_id\";s:2:\"51\";s:4:\"name\";s:16:\"KABUPATEN BANGLI\";s:8:\"alt_name\";s:16:\"KABUPATEN BANGLI\";s:8:\"latitude\";d:-8.28333;s:9:\"longitude\";d:115.35;}i:279;a:6:{s:2:\"id\";s:4:\"5107\";s:11:\"province_id\";s:2:\"51\";s:4:\"name\";s:21:\"KABUPATEN KARANG ASEM\";s:8:\"alt_name\";s:21:\"KABUPATEN KARANG ASEM\";s:8:\"latitude\";d:-8.3891;s:9:\"longitude\";d:115.5393;}i:280;a:6:{s:2:\"id\";s:4:\"5108\";s:11:\"province_id\";s:2:\"51\";s:4:\"name\";s:18:\"KABUPATEN BULELENG\";s:8:\"alt_name\";s:18:\"KABUPATEN BULELENG\";s:8:\"latitude\";d:-8.25;s:9:\"longitude\";d:114.96667;}i:281;a:6:{s:2:\"id\";s:4:\"5171\";s:11:\"province_id\";s:2:\"51\";s:4:\"name\";s:13:\"KOTA DENPASAR\";s:8:\"alt_name\";s:13:\"KOTA DENPASAR\";s:8:\"latitude\";d:-8.66667;s:9:\"longitude\";d:115.21663;}i:282;a:6:{s:2:\"id\";s:4:\"5201\";s:11:\"province_id\";s:2:\"52\";s:4:\"name\";s:22:\"KABUPATEN LOMBOK BARAT\";s:8:\"alt_name\";s:22:\"KABUPATEN LOMBOK BARAT\";s:8:\"latitude\";d:-8.69583;s:9:\"longitude\";d:116.11667;}i:283;a:6:{s:2:\"id\";s:4:\"5202\";s:11:\"province_id\";s:2:\"52\";s:4:\"name\";s:23:\"KABUPATEN LOMBOK TENGAH\";s:8:\"alt_name\";s:23:\"KABUPATEN LOMBOK TENGAH\";s:8:\"latitude\";d:-8.7;s:9:\"longitude\";d:116.3;}i:284;a:6:{s:2:\"id\";s:4:\"5203\";s:11:\"province_id\";s:2:\"52\";s:4:\"name\";s:22:\"KABUPATEN LOMBOK TIMUR\";s:8:\"alt_name\";s:22:\"KABUPATEN LOMBOK TIMUR\";s:8:\"latitude\";d:-8.53333;s:9:\"longitude\";d:116.53333;}i:285;a:6:{s:2:\"id\";s:4:\"5204\";s:11:\"province_id\";s:2:\"52\";s:4:\"name\";s:17:\"KABUPATEN SUMBAWA\";s:8:\"alt_name\";s:17:\"KABUPATEN SUMBAWA\";s:8:\"latitude\";d:-8.7439;s:9:\"longitude\";d:117.3324;}i:286;a:6:{s:2:\"id\";s:4:\"5205\";s:11:\"province_id\";s:2:\"52\";s:4:\"name\";s:15:\"KABUPATEN DOMPU\";s:8:\"alt_name\";s:15:\"KABUPATEN DOMPU\";s:8:\"latitude\";d:-8.5094;s:9:\"longitude\";d:118.4816;}i:287;a:6:{s:2:\"id\";s:4:\"5206\";s:11:\"province_id\";s:2:\"52\";s:4:\"name\";s:14:\"KABUPATEN BIMA\";s:8:\"alt_name\";s:14:\"KABUPATEN BIMA\";s:8:\"latitude\";d:-8.6;s:9:\"longitude\";d:118.61667;}i:288;a:6:{s:2:\"id\";s:4:\"5207\";s:11:\"province_id\";s:2:\"52\";s:4:\"name\";s:23:\"KABUPATEN SUMBAWA BARAT\";s:8:\"alt_name\";s:23:\"KABUPATEN SUMBAWA BARAT\";s:8:\"latitude\";d:-8.75159;s:9:\"longitude\";d:116.92132;}i:289;a:6:{s:2:\"id\";s:4:\"5208\";s:11:\"province_id\";s:2:\"52\";s:4:\"name\";s:22:\"KABUPATEN LOMBOK UTARA\";s:8:\"alt_name\";s:22:\"KABUPATEN LOMBOK UTARA\";s:8:\"latitude\";d:-8.35214;s:9:\"longitude\";d:116.40152;}i:290;a:6:{s:2:\"id\";s:4:\"5271\";s:11:\"province_id\";s:2:\"52\";s:4:\"name\";s:12:\"KOTA MATARAM\";s:8:\"alt_name\";s:12:\"KOTA MATARAM\";s:8:\"latitude\";d:-8.5833;s:9:\"longitude\";d:116.1167;}i:291;a:6:{s:2:\"id\";s:4:\"5272\";s:11:\"province_id\";s:2:\"52\";s:4:\"name\";s:9:\"KOTA BIMA\";s:8:\"alt_name\";s:9:\"KOTA BIMA\";s:8:\"latitude\";d:-8.46728;s:9:\"longitude\";d:118.75259;}i:292;a:6:{s:2:\"id\";s:4:\"5301\";s:11:\"province_id\";s:2:\"53\";s:4:\"name\";s:21:\"KABUPATEN SUMBA BARAT\";s:8:\"alt_name\";s:21:\"KABUPATEN SUMBA BARAT\";s:8:\"latitude\";d:-9.56667;s:9:\"longitude\";d:119.45;}i:293;a:6:{s:2:\"id\";s:4:\"5302\";s:11:\"province_id\";s:2:\"53\";s:4:\"name\";s:21:\"KABUPATEN SUMBA TIMUR\";s:8:\"alt_name\";s:21:\"KABUPATEN SUMBA TIMUR\";s:8:\"latitude\";d:-9.88333;s:9:\"longitude\";d:120.25;}i:294;a:6:{s:2:\"id\";s:4:\"5303\";s:11:\"province_id\";s:2:\"53\";s:4:\"name\";s:16:\"KABUPATEN KUPANG\";s:8:\"alt_name\";s:16:\"KABUPATEN KUPANG\";s:8:\"latitude\";d:-9.91667;s:9:\"longitude\";d:123.83333;}i:295;a:6:{s:2:\"id\";s:4:\"5304\";s:11:\"province_id\";s:2:\"53\";s:4:\"name\";s:30:\"KABUPATEN TIMOR TENGAH SELATAN\";s:8:\"alt_name\";s:30:\"KABUPATEN TIMOR TENGAH SELATAN\";s:8:\"latitude\";d:-9.83333;s:9:\"longitude\";d:124.4;}i:296;a:6:{s:2:\"id\";s:4:\"5305\";s:11:\"province_id\";s:2:\"53\";s:4:\"name\";s:28:\"KABUPATEN TIMOR TENGAH UTARA\";s:8:\"alt_name\";s:28:\"KABUPATEN TIMOR TENGAH UTARA\";s:8:\"latitude\";d:-9.33136;s:9:\"longitude\";d:124.51904;}i:297;a:6:{s:2:\"id\";s:4:\"5306\";s:11:\"province_id\";s:2:\"53\";s:4:\"name\";s:14:\"KABUPATEN BELU\";s:8:\"alt_name\";s:14:\"KABUPATEN BELU\";s:8:\"latitude\";d:-9.41258;s:9:\"longitude\";d:124.95066;}i:298;a:6:{s:2:\"id\";s:4:\"5307\";s:11:\"province_id\";s:2:\"53\";s:4:\"name\";s:14:\"KABUPATEN ALOR\";s:8:\"alt_name\";s:14:\"KABUPATEN ALOR\";s:8:\"latitude\";d:-8.3;s:9:\"longitude\";d:124.56667;}i:299;a:6:{s:2:\"id\";s:4:\"5308\";s:11:\"province_id\";s:2:\"53\";s:4:\"name\";s:17:\"KABUPATEN LEMBATA\";s:8:\"alt_name\";s:17:\"KABUPATEN LEMBATA\";s:8:\"latitude\";d:-8.41396;s:9:\"longitude\";d:123.55225;}i:300;a:6:{s:2:\"id\";s:4:\"5309\";s:11:\"province_id\";s:2:\"53\";s:4:\"name\";s:22:\"KABUPATEN FLORES TIMUR\";s:8:\"alt_name\";s:22:\"KABUPATEN FLORES TIMUR\";s:8:\"latitude\";d:-8.24224;s:9:\"longitude\";d:122.96817;}i:301;a:6:{s:2:\"id\";s:4:\"5310\";s:11:\"province_id\";s:2:\"53\";s:4:\"name\";s:15:\"KABUPATEN SIKKA\";s:8:\"alt_name\";s:15:\"KABUPATEN SIKKA\";s:8:\"latitude\";d:-8.66667;s:9:\"longitude\";d:122.36667;}i:302;a:6:{s:2:\"id\";s:4:\"5311\";s:11:\"province_id\";s:2:\"53\";s:4:\"name\";s:14:\"KABUPATEN ENDE\";s:8:\"alt_name\";s:14:\"KABUPATEN ENDE\";s:8:\"latitude\";d:-8.84056;s:9:\"longitude\";d:121.66389;}i:303;a:6:{s:2:\"id\";s:4:\"5312\";s:11:\"province_id\";s:2:\"53\";s:4:\"name\";s:15:\"KABUPATEN NGADA\";s:8:\"alt_name\";s:15:\"KABUPATEN NGADA\";s:8:\"latitude\";d:-8.66667;s:9:\"longitude\";i:121;}i:304;a:6:{s:2:\"id\";s:4:\"5313\";s:11:\"province_id\";s:2:\"53\";s:4:\"name\";s:19:\"KABUPATEN MANGGARAI\";s:8:\"alt_name\";s:19:\"KABUPATEN MANGGARAI\";s:8:\"latitude\";d:-8.56667;s:9:\"longitude\";d:120.41667;}i:305;a:6:{s:2:\"id\";s:4:\"5314\";s:11:\"province_id\";s:2:\"53\";s:4:\"name\";s:19:\"KABUPATEN ROTE NDAO\";s:8:\"alt_name\";s:19:\"KABUPATEN ROTE NDAO\";s:8:\"latitude\";d:-10.73617;s:9:\"longitude\";d:123.12054;}i:306;a:6:{s:2:\"id\";s:4:\"5315\";s:11:\"province_id\";s:2:\"53\";s:4:\"name\";s:25:\"KABUPATEN MANGGARAI BARAT\";s:8:\"alt_name\";s:25:\"KABUPATEN MANGGARAI BARAT\";s:8:\"latitude\";d:-8.64484;s:9:\"longitude\";d:119.88281;}i:307;a:6:{s:2:\"id\";s:4:\"5316\";s:11:\"province_id\";s:2:\"53\";s:4:\"name\";s:22:\"KABUPATEN SUMBA TENGAH\";s:8:\"alt_name\";s:22:\"KABUPATEN SUMBA TENGAH\";s:8:\"latitude\";d:-9.62941;s:9:\"longitude\";d:119.61914;}i:308;a:6:{s:2:\"id\";s:4:\"5317\";s:11:\"province_id\";s:2:\"53\";s:4:\"name\";s:26:\"KABUPATEN SUMBA BARAT DAYA\";s:8:\"alt_name\";s:26:\"KABUPATEN SUMBA BARAT DAYA\";s:8:\"latitude\";d:-9.56216;s:9:\"longitude\";d:119.08905;}i:309;a:6:{s:2:\"id\";s:4:\"5318\";s:11:\"province_id\";s:2:\"53\";s:4:\"name\";s:17:\"KABUPATEN NAGEKEO\";s:8:\"alt_name\";s:17:\"KABUPATEN NAGEKEO\";s:8:\"latitude\";d:-8.8721;s:9:\"longitude\";d:121.20963;}i:310;a:6:{s:2:\"id\";s:4:\"5319\";s:11:\"province_id\";s:2:\"53\";s:4:\"name\";s:25:\"KABUPATEN MANGGARAI TIMUR\";s:8:\"alt_name\";s:25:\"KABUPATEN MANGGARAI TIMUR\";s:8:\"latitude\";d:-8.55533;s:9:\"longitude\";d:120.59761;}i:311;a:6:{s:2:\"id\";s:4:\"5320\";s:11:\"province_id\";s:2:\"53\";s:4:\"name\";s:21:\"KABUPATEN SABU RAIJUA\";s:8:\"alt_name\";s:21:\"KABUPATEN SABU RAIJUA\";s:8:\"latitude\";d:-10.56286;s:9:\"longitude\";d:121.78894;}i:312;a:6:{s:2:\"id\";s:4:\"5321\";s:11:\"province_id\";s:2:\"53\";s:4:\"name\";s:16:\"KABUPATEN MALAKA\";s:8:\"alt_name\";s:16:\"KABUPATEN MALAKA\";s:8:\"latitude\";d:-9.5632;s:9:\"longitude\";d:124.89481;}i:313;a:6:{s:2:\"id\";s:4:\"5371\";s:11:\"province_id\";s:2:\"53\";s:4:\"name\";s:11:\"KOTA KUPANG\";s:8:\"alt_name\";s:11:\"KOTA KUPANG\";s:8:\"latitude\";d:-10.21667;s:9:\"longitude\";d:123.6;}i:314;a:6:{s:2:\"id\";s:4:\"6101\";s:11:\"province_id\";s:2:\"61\";s:4:\"name\";s:16:\"KABUPATEN SAMBAS\";s:8:\"alt_name\";s:16:\"KABUPATEN SAMBAS\";s:8:\"latitude\";d:1.41667;s:9:\"longitude\";d:109.33333;}i:315;a:6:{s:2:\"id\";s:4:\"6102\";s:11:\"province_id\";s:2:\"61\";s:4:\"name\";s:20:\"KABUPATEN BENGKAYANG\";s:8:\"alt_name\";s:20:\"KABUPATEN BENGKAYANG\";s:8:\"latitude\";d:1.06911;s:9:\"longitude\";d:109.66393;}i:316;a:6:{s:2:\"id\";s:4:\"6103\";s:11:\"province_id\";s:2:\"61\";s:4:\"name\";s:16:\"KABUPATEN LANDAK\";s:8:\"alt_name\";s:16:\"KABUPATEN LANDAK\";s:8:\"latitude\";d:0.42373;s:9:\"longitude\";d:109.75917;}i:317;a:6:{s:2:\"id\";s:4:\"6104\";s:11:\"province_id\";s:2:\"61\";s:4:\"name\";s:18:\"KABUPATEN MEMPAWAH\";s:8:\"alt_name\";s:18:\"KABUPATEN MEMPAWAH\";s:8:\"latitude\";d:0.25;s:9:\"longitude\";d:109.16667;}i:318;a:6:{s:2:\"id\";s:4:\"6105\";s:11:\"province_id\";s:2:\"61\";s:4:\"name\";s:17:\"KABUPATEN SANGGAU\";s:8:\"alt_name\";s:17:\"KABUPATEN SANGGAU\";s:8:\"latitude\";d:0.25472;s:9:\"longitude\";d:110.45;}i:319;a:6:{s:2:\"id\";s:4:\"6106\";s:11:\"province_id\";s:2:\"61\";s:4:\"name\";s:18:\"KABUPATEN KETAPANG\";s:8:\"alt_name\";s:18:\"KABUPATEN KETAPANG\";s:8:\"latitude\";d:-1.58333;s:9:\"longitude\";d:110.5;}i:320;a:6:{s:2:\"id\";s:4:\"6107\";s:11:\"province_id\";s:2:\"61\";s:4:\"name\";s:17:\"KABUPATEN SINTANG\";s:8:\"alt_name\";s:17:\"KABUPATEN SINTANG\";s:8:\"latitude\";d:-0.08333;s:9:\"longitude\";d:112.08333;}i:321;a:6:{s:2:\"id\";s:4:\"6108\";s:11:\"province_id\";s:2:\"61\";s:4:\"name\";s:21:\"KABUPATEN KAPUAS HULU\";s:8:\"alt_name\";s:21:\"KABUPATEN KAPUAS HULU\";s:8:\"latitude\";d:0.81667;s:9:\"longitude\";d:112.76667;}i:322;a:6:{s:2:\"id\";s:4:\"6109\";s:11:\"province_id\";s:2:\"61\";s:4:\"name\";s:17:\"KABUPATEN SEKADAU\";s:8:\"alt_name\";s:17:\"KABUPATEN SEKADAU\";s:8:\"latitude\";d:0.03485;s:9:\"longitude\";d:110.95066;}i:323;a:6:{s:2:\"id\";s:4:\"6110\";s:11:\"province_id\";s:2:\"61\";s:4:\"name\";s:16:\"KABUPATEN MELAWI\";s:8:\"alt_name\";s:16:\"KABUPATEN MELAWI\";s:8:\"latitude\";d:-0.33617;s:9:\"longitude\";d:111.698;}i:324;a:6:{s:2:\"id\";s:4:\"6111\";s:11:\"province_id\";s:2:\"61\";s:4:\"name\";s:22:\"KABUPATEN KAYONG UTARA\";s:8:\"alt_name\";s:22:\"KABUPATEN KAYONG UTARA\";s:8:\"latitude\";d:-1.43711;s:9:\"longitude\";d:110.79781;}i:325;a:6:{s:2:\"id\";s:4:\"6112\";s:11:\"province_id\";s:2:\"61\";s:4:\"name\";s:19:\"KABUPATEN KUBU RAYA\";s:8:\"alt_name\";s:19:\"KABUPATEN KUBU RAYA\";s:8:\"latitude\";d:0.01637;s:9:\"longitude\";d:109.33731;}i:326;a:6:{s:2:\"id\";s:4:\"6171\";s:11:\"province_id\";s:2:\"61\";s:4:\"name\";s:14:\"KOTA PONTIANAK\";s:8:\"alt_name\";s:14:\"KOTA PONTIANAK\";s:8:\"latitude\";d:-0.08333;s:9:\"longitude\";d:109.36667;}i:327;a:6:{s:2:\"id\";s:4:\"6172\";s:11:\"province_id\";s:2:\"61\";s:4:\"name\";s:15:\"KOTA SINGKAWANG\";s:8:\"alt_name\";s:15:\"KOTA SINGKAWANG\";s:8:\"latitude\";d:0.90734;s:9:\"longitude\";d:109.00103;}i:328;a:6:{s:2:\"id\";s:4:\"6201\";s:11:\"province_id\";s:2:\"62\";s:4:\"name\";s:28:\"KABUPATEN KOTAWARINGIN BARAT\";s:8:\"alt_name\";s:28:\"KABUPATEN KOTAWARINGIN BARAT\";s:8:\"latitude\";d:-2.4;s:9:\"longitude\";d:111.73333;}i:329;a:6:{s:2:\"id\";s:4:\"6202\";s:11:\"province_id\";s:2:\"62\";s:4:\"name\";s:28:\"KABUPATEN KOTAWARINGIN TIMUR\";s:8:\"alt_name\";s:28:\"KABUPATEN KOTAWARINGIN TIMUR\";s:8:\"latitude\";d:-2.08333;s:9:\"longitude\";d:112.75;}i:330;a:6:{s:2:\"id\";s:4:\"6203\";s:11:\"province_id\";s:2:\"62\";s:4:\"name\";s:16:\"KABUPATEN KAPUAS\";s:8:\"alt_name\";s:16:\"KABUPATEN KAPUAS\";s:8:\"latitude\";d:-2.01667;s:9:\"longitude\";d:114.38333;}i:331;a:6:{s:2:\"id\";s:4:\"6204\";s:11:\"province_id\";s:2:\"62\";s:4:\"name\";s:24:\"KABUPATEN BARITO SELATAN\";s:8:\"alt_name\";s:24:\"KABUPATEN BARITO SELATAN\";s:8:\"latitude\";d:-1.86667;s:9:\"longitude\";d:114.73333;}i:332;a:6:{s:2:\"id\";s:4:\"6205\";s:11:\"province_id\";s:2:\"62\";s:4:\"name\";s:22:\"KABUPATEN BARITO UTARA\";s:8:\"alt_name\";s:22:\"KABUPATEN BARITO UTARA\";s:8:\"latitude\";d:-0.98333;s:9:\"longitude\";d:115.1;}i:333;a:6:{s:2:\"id\";s:4:\"6206\";s:11:\"province_id\";s:2:\"62\";s:4:\"name\";s:18:\"KABUPATEN SUKAMARA\";s:8:\"alt_name\";s:18:\"KABUPATEN SUKAMARA\";s:8:\"latitude\";d:-2.62675;s:9:\"longitude\";d:111.23681;}i:334;a:6:{s:2:\"id\";s:4:\"6207\";s:11:\"province_id\";s:2:\"62\";s:4:\"name\";s:18:\"KABUPATEN LAMANDAU\";s:8:\"alt_name\";s:18:\"KABUPATEN LAMANDAU\";s:8:\"latitude\";d:-1.83828;s:9:\"longitude\";d:111.2869;}i:335;a:6:{s:2:\"id\";s:4:\"6208\";s:11:\"province_id\";s:2:\"62\";s:4:\"name\";s:17:\"KABUPATEN SERUYAN\";s:8:\"alt_name\";s:17:\"KABUPATEN SERUYAN\";s:8:\"latitude\";d:-2.33333;s:9:\"longitude\";d:112.25;}i:336;a:6:{s:2:\"id\";s:4:\"6209\";s:11:\"province_id\";s:2:\"62\";s:4:\"name\";s:18:\"KABUPATEN KATINGAN\";s:8:\"alt_name\";s:18:\"KABUPATEN KATINGAN\";s:8:\"latitude\";d:-2.06667;s:9:\"longitude\";d:113.4;}i:337;a:6:{s:2:\"id\";s:4:\"6210\";s:11:\"province_id\";s:2:\"62\";s:4:\"name\";s:22:\"KABUPATEN PULANG PISAU\";s:8:\"alt_name\";s:22:\"KABUPATEN PULANG PISAU\";s:8:\"latitude\";d:-3.11858;s:9:\"longitude\";d:113.8623;}i:338;a:6:{s:2:\"id\";s:4:\"6211\";s:11:\"province_id\";s:2:\"62\";s:4:\"name\";s:20:\"KABUPATEN GUNUNG MAS\";s:8:\"alt_name\";s:20:\"KABUPATEN GUNUNG MAS\";s:8:\"latitude\";d:-0.95;s:9:\"longitude\";d:113.5;}i:339;a:6:{s:2:\"id\";s:4:\"6212\";s:11:\"province_id\";s:2:\"62\";s:4:\"name\";s:22:\"KABUPATEN BARITO TIMUR\";s:8:\"alt_name\";s:22:\"KABUPATEN BARITO TIMUR\";s:8:\"latitude\";d:-1.93333;s:9:\"longitude\";d:115.1;}i:340;a:6:{s:2:\"id\";s:4:\"6213\";s:11:\"province_id\";s:2:\"62\";s:4:\"name\";s:21:\"KABUPATEN MURUNG RAYA\";s:8:\"alt_name\";s:21:\"KABUPATEN MURUNG RAYA\";s:8:\"latitude\";d:-0.01667;s:9:\"longitude\";d:114.26667;}i:341;a:6:{s:2:\"id\";s:4:\"6271\";s:11:\"province_id\";s:2:\"62\";s:4:\"name\";s:18:\"KOTA PALANGKA RAYA\";s:8:\"alt_name\";s:18:\"KOTA PALANGKA RAYA\";s:8:\"latitude\";d:-1.76979;s:9:\"longitude\";d:113.73126;}i:342;a:6:{s:2:\"id\";s:4:\"6301\";s:11:\"province_id\";s:2:\"63\";s:4:\"name\";s:20:\"KABUPATEN TANAH LAUT\";s:8:\"alt_name\";s:20:\"KABUPATEN TANAH LAUT\";s:8:\"latitude\";d:-3.88333;s:9:\"longitude\";d:114.86667;}i:343;a:6:{s:2:\"id\";s:4:\"6302\";s:11:\"province_id\";s:2:\"63\";s:4:\"name\";s:19:\"KABUPATEN KOTA BARU\";s:8:\"alt_name\";s:19:\"KABUPATEN KOTA BARU\";s:8:\"latitude\";i:-3;s:9:\"longitude\";i:116;}i:344;a:6:{s:2:\"id\";s:4:\"6303\";s:11:\"province_id\";s:2:\"63\";s:4:\"name\";s:16:\"KABUPATEN BANJAR\";s:8:\"alt_name\";s:16:\"KABUPATEN BANJAR\";s:8:\"latitude\";d:-3.31667;s:9:\"longitude\";d:115.08333;}i:345;a:6:{s:2:\"id\";s:4:\"6304\";s:11:\"province_id\";s:2:\"63\";s:4:\"name\";s:22:\"KABUPATEN BARITO KUALA\";s:8:\"alt_name\";s:22:\"KABUPATEN BARITO KUALA\";s:8:\"latitude\";d:-3.08333;s:9:\"longitude\";d:114.61667;}i:346;a:6:{s:2:\"id\";s:4:\"6305\";s:11:\"province_id\";s:2:\"63\";s:4:\"name\";s:15:\"KABUPATEN TAPIN\";s:8:\"alt_name\";s:15:\"KABUPATEN TAPIN\";s:8:\"latitude\";d:-2.91667;s:9:\"longitude\";d:115.03333;}i:347;a:6:{s:2:\"id\";s:4:\"6306\";s:11:\"province_id\";s:2:\"63\";s:4:\"name\";s:29:\"KABUPATEN HULU SUNGAI SELATAN\";s:8:\"alt_name\";s:29:\"KABUPATEN HULU SUNGAI SELATAN\";s:8:\"latitude\";d:-2.75;s:9:\"longitude\";d:115.2;}i:348;a:6:{s:2:\"id\";s:4:\"6307\";s:11:\"province_id\";s:2:\"63\";s:4:\"name\";s:28:\"KABUPATEN HULU SUNGAI TENGAH\";s:8:\"alt_name\";s:28:\"KABUPATEN HULU SUNGAI TENGAH\";s:8:\"latitude\";d:-2.61667;s:9:\"longitude\";d:115.41667;}i:349;a:6:{s:2:\"id\";s:4:\"6308\";s:11:\"province_id\";s:2:\"63\";s:4:\"name\";s:27:\"KABUPATEN HULU SUNGAI UTARA\";s:8:\"alt_name\";s:27:\"KABUPATEN HULU SUNGAI UTARA\";s:8:\"latitude\";d:-2.45;s:9:\"longitude\";d:115.13333;}i:350;a:6:{s:2:\"id\";s:4:\"6309\";s:11:\"province_id\";s:2:\"63\";s:4:\"name\";s:18:\"KABUPATEN TABALONG\";s:8:\"alt_name\";s:18:\"KABUPATEN TABALONG\";s:8:\"latitude\";d:-1.88333;s:9:\"longitude\";d:115.5;}i:351;a:6:{s:2:\"id\";s:4:\"6310\";s:11:\"province_id\";s:2:\"63\";s:4:\"name\";s:21:\"KABUPATEN TANAH BUMBU\";s:8:\"alt_name\";s:21:\"KABUPATEN TANAH BUMBU\";s:8:\"latitude\";d:-3.45413;s:9:\"longitude\";d:115.70372;}i:352;a:6:{s:2:\"id\";s:4:\"6311\";s:11:\"province_id\";s:2:\"63\";s:4:\"name\";s:18:\"KABUPATEN BALANGAN\";s:8:\"alt_name\";s:18:\"KABUPATEN BALANGAN\";s:8:\"latitude\";d:-2.32314;s:9:\"longitude\";d:115.62922;}i:353;a:6:{s:2:\"id\";s:4:\"6371\";s:11:\"province_id\";s:2:\"63\";s:4:\"name\";s:16:\"KOTA BANJARMASIN\";s:8:\"alt_name\";s:16:\"KOTA BANJARMASIN\";s:8:\"latitude\";d:-3.32444;s:9:\"longitude\";d:114.59102;}i:354;a:6:{s:2:\"id\";s:4:\"6372\";s:11:\"province_id\";s:2:\"63\";s:4:\"name\";s:16:\"KOTA BANJAR BARU\";s:8:\"alt_name\";s:16:\"KOTA BANJAR BARU\";s:8:\"latitude\";d:-3.41667;s:9:\"longitude\";d:114.83333;}i:355;a:6:{s:2:\"id\";s:4:\"6401\";s:11:\"province_id\";s:2:\"64\";s:4:\"name\";s:15:\"KABUPATEN PASER\";s:8:\"alt_name\";s:15:\"KABUPATEN PASER\";s:8:\"latitude\";d:-1.43517;s:9:\"longitude\";d:116.23535;}i:356;a:6:{s:2:\"id\";s:4:\"6402\";s:11:\"province_id\";s:2:\"64\";s:4:\"name\";s:21:\"KABUPATEN KUTAI BARAT\";s:8:\"alt_name\";s:21:\"KABUPATEN KUTAI BARAT\";s:8:\"latitude\";d:-0.59417;s:9:\"longitude\";d:115.51575;}i:357;a:6:{s:2:\"id\";s:4:\"6403\";s:11:\"province_id\";s:2:\"64\";s:4:\"name\";s:27:\"KABUPATEN KUTAI KARTANEGARA\";s:8:\"alt_name\";s:27:\"KABUPATEN KUTAI KARTANEGARA\";s:8:\"latitude\";d:-0.44019;s:9:\"longitude\";d:116.98139;}i:358;a:6:{s:2:\"id\";s:4:\"6404\";s:11:\"province_id\";s:2:\"64\";s:4:\"name\";s:21:\"KABUPATEN KUTAI TIMUR\";s:8:\"alt_name\";s:21:\"KABUPATEN KUTAI TIMUR\";s:8:\"latitude\";d:1.03769;s:9:\"longitude\";d:117.83112;}i:359;a:6:{s:2:\"id\";s:4:\"6405\";s:11:\"province_id\";s:2:\"64\";s:4:\"name\";s:15:\"KABUPATEN BERAU\";s:8:\"alt_name\";s:15:\"KABUPATEN BERAU\";s:8:\"latitude\";i:2;s:9:\"longitude\";d:117.3;}i:360;a:6:{s:2:\"id\";s:4:\"6409\";s:11:\"province_id\";s:2:\"64\";s:4:\"name\";s:29:\"KABUPATEN PENAJAM PASER UTARA\";s:8:\"alt_name\";s:29:\"KABUPATEN PENAJAM PASER UTARA\";s:8:\"latitude\";d:-1.25;s:9:\"longitude\";d:116.83333;}i:361;a:6:{s:2:\"id\";s:4:\"6411\";s:11:\"province_id\";s:2:\"64\";s:4:\"name\";s:22:\"KABUPATEN MAHAKAM HULU\";s:8:\"alt_name\";s:22:\"KABUPATEN MAHAKAM HULU\";s:8:\"latitude\";d:0.37822;s:9:\"longitude\";d:115.38048;}i:362;a:6:{s:2:\"id\";s:4:\"6471\";s:11:\"province_id\";s:2:\"64\";s:4:\"name\";s:15:\"KOTA BALIKPAPAN\";s:8:\"alt_name\";s:15:\"KOTA BALIKPAPAN\";s:8:\"latitude\";d:-1.16667;s:9:\"longitude\";d:116.88333;}i:363;a:6:{s:2:\"id\";s:4:\"6472\";s:11:\"province_id\";s:2:\"64\";s:4:\"name\";s:14:\"KOTA SAMARINDA\";s:8:\"alt_name\";s:14:\"KOTA SAMARINDA\";s:8:\"latitude\";d:-0.43333;s:9:\"longitude\";d:117.18333;}i:364;a:6:{s:2:\"id\";s:4:\"6474\";s:11:\"province_id\";s:2:\"64\";s:4:\"name\";s:12:\"KOTA BONTANG\";s:8:\"alt_name\";s:12:\"KOTA BONTANG\";s:8:\"latitude\";d:0.12526;s:9:\"longitude\";d:117.49603;}i:365;a:6:{s:2:\"id\";s:4:\"6501\";s:11:\"province_id\";s:2:\"65\";s:4:\"name\";s:17:\"KABUPATEN MALINAU\";s:8:\"alt_name\";s:17:\"KABUPATEN MALINAU\";s:8:\"latitude\";d:2.45;s:9:\"longitude\";d:115.68333;}i:366;a:6:{s:2:\"id\";s:4:\"6502\";s:11:\"province_id\";s:2:\"65\";s:4:\"name\";s:18:\"KABUPATEN BULUNGAN\";s:8:\"alt_name\";s:18:\"KABUPATEN BULUNGAN\";s:8:\"latitude\";i:3;s:9:\"longitude\";d:117.16667;}i:367;a:6:{s:2:\"id\";s:4:\"6503\";s:11:\"province_id\";s:2:\"65\";s:4:\"name\";s:21:\"KABUPATEN TANA TIDUNG\";s:8:\"alt_name\";s:21:\"KABUPATEN TANA TIDUNG\";s:8:\"latitude\";d:3.55;s:9:\"longitude\";d:117.25;}i:368;a:6:{s:2:\"id\";s:4:\"6504\";s:11:\"province_id\";s:2:\"65\";s:4:\"name\";s:17:\"KABUPATEN NUNUKAN\";s:8:\"alt_name\";s:17:\"KABUPATEN NUNUKAN\";s:8:\"latitude\";d:4.13333;s:9:\"longitude\";d:116.7;}i:369;a:6:{s:2:\"id\";s:4:\"6571\";s:11:\"province_id\";s:2:\"65\";s:4:\"name\";s:12:\"KOTA TARAKAN\";s:8:\"alt_name\";s:12:\"KOTA TARAKAN\";s:8:\"latitude\";d:3.36667;s:9:\"longitude\";d:117.6;}i:370;a:6:{s:2:\"id\";s:4:\"7101\";s:11:\"province_id\";s:2:\"71\";s:4:\"name\";s:27:\"KABUPATEN BOLAANG MONGONDOW\";s:8:\"alt_name\";s:27:\"KABUPATEN BOLAANG MONGONDOW\";s:8:\"latitude\";d:0.75;s:9:\"longitude\";d:124.08333;}i:371;a:6:{s:2:\"id\";s:4:\"7102\";s:11:\"province_id\";s:2:\"71\";s:4:\"name\";s:18:\"KABUPATEN MINAHASA\";s:8:\"alt_name\";s:18:\"KABUPATEN MINAHASA\";s:8:\"latitude\";d:1.2537;s:9:\"longitude\";d:124.83;}i:372;a:6:{s:2:\"id\";s:4:\"7103\";s:11:\"province_id\";s:2:\"71\";s:4:\"name\";s:27:\"KABUPATEN KEPULAUAN SANGIHE\";s:8:\"alt_name\";s:27:\"KABUPATEN KEPULAUAN SANGIHE\";s:8:\"latitude\";d:3.5;s:9:\"longitude\";d:125.55;}i:373;a:6:{s:2:\"id\";s:4:\"7104\";s:11:\"province_id\";s:2:\"71\";s:4:\"name\";s:26:\"KABUPATEN KEPULAUAN TALAUD\";s:8:\"alt_name\";s:26:\"KABUPATEN KEPULAUAN TALAUD\";s:8:\"latitude\";d:4.31178;s:9:\"longitude\";d:126.78085;}i:374;a:6:{s:2:\"id\";s:4:\"7105\";s:11:\"province_id\";s:2:\"71\";s:4:\"name\";s:26:\"KABUPATEN MINAHASA SELATAN\";s:8:\"alt_name\";s:26:\"KABUPATEN MINAHASA SELATAN\";s:8:\"latitude\";d:1.21291;s:9:\"longitude\";d:124.59708;}i:375;a:6:{s:2:\"id\";s:4:\"7106\";s:11:\"province_id\";s:2:\"71\";s:4:\"name\";s:24:\"KABUPATEN MINAHASA UTARA\";s:8:\"alt_name\";s:24:\"KABUPATEN MINAHASA UTARA\";s:8:\"latitude\";d:1.4025;s:9:\"longitude\";d:124.96;}i:376;a:6:{s:2:\"id\";s:4:\"7107\";s:11:\"province_id\";s:2:\"71\";s:4:\"name\";s:33:\"KABUPATEN BOLAANG MONGONDOW UTARA\";s:8:\"alt_name\";s:33:\"KABUPATEN BOLAANG MONGONDOW UTARA\";s:8:\"latitude\";d:0.78527;s:9:\"longitude\";d:123.41766;}i:377;a:6:{s:2:\"id\";s:4:\"7108\";s:11:\"province_id\";s:2:\"71\";s:4:\"name\";s:32:\"KABUPATEN SIAU TAGULANDANG BIARO\";s:8:\"alt_name\";s:32:\"KABUPATEN SIAU TAGULANDANG BIARO\";s:8:\"latitude\";d:2.11728;s:9:\"longitude\";d:125.37512;}i:378;a:6:{s:2:\"id\";s:4:\"7109\";s:11:\"province_id\";s:2:\"71\";s:4:\"name\";s:27:\"KABUPATEN MINAHASA TENGGARA\";s:8:\"alt_name\";s:27:\"KABUPATEN MINAHASA TENGGARA\";s:8:\"latitude\";d:1.05633;s:9:\"longitude\";d:124.7925;}i:379;a:6:{s:2:\"id\";s:4:\"7110\";s:11:\"province_id\";s:2:\"71\";s:4:\"name\";s:35:\"KABUPATEN BOLAANG MONGONDOW SELATAN\";s:8:\"alt_name\";s:35:\"KABUPATEN BOLAANG MONGONDOW SELATAN\";s:8:\"latitude\";d:0.40912;s:9:\"longitude\";d:123.75961;}i:380;a:6:{s:2:\"id\";s:4:\"7111\";s:11:\"province_id\";s:2:\"71\";s:4:\"name\";s:33:\"KABUPATEN BOLAANG MONGONDOW TIMUR\";s:8:\"alt_name\";s:33:\"KABUPATEN BOLAANG MONGONDOW TIMUR\";s:8:\"latitude\";d:0.72073;s:9:\"longitude\";d:124.50256;}i:381;a:6:{s:2:\"id\";s:4:\"7171\";s:11:\"province_id\";s:2:\"71\";s:4:\"name\";s:11:\"KOTA MANADO\";s:8:\"alt_name\";s:11:\"KOTA MANADO\";s:8:\"latitude\";d:1.51667;s:9:\"longitude\";d:124.88333;}i:382;a:6:{s:2:\"id\";s:4:\"7172\";s:11:\"province_id\";s:2:\"71\";s:4:\"name\";s:11:\"KOTA BITUNG\";s:8:\"alt_name\";s:11:\"KOTA BITUNG\";s:8:\"latitude\";d:1.48333;s:9:\"longitude\";d:125.15;}i:383;a:6:{s:2:\"id\";s:4:\"7173\";s:11:\"province_id\";s:2:\"71\";s:4:\"name\";s:12:\"KOTA TOMOHON\";s:8:\"alt_name\";s:12:\"KOTA TOMOHON\";s:8:\"latitude\";d:1.31307;s:9:\"longitude\";d:124.83404;}i:384;a:6:{s:2:\"id\";s:4:\"7174\";s:11:\"province_id\";s:2:\"71\";s:4:\"name\";s:15:\"KOTA KOTAMOBAGU\";s:8:\"alt_name\";s:15:\"KOTA KOTAMOBAGU\";s:8:\"latitude\";d:0.68915;s:9:\"longitude\";d:124.32678;}i:385;a:6:{s:2:\"id\";s:4:\"7201\";s:11:\"province_id\";s:2:\"72\";s:4:\"name\";s:27:\"KABUPATEN BANGGAI KEPULAUAN\";s:8:\"alt_name\";s:27:\"KABUPATEN BANGGAI KEPULAUAN\";s:8:\"latitude\";d:-1.6424;s:9:\"longitude\";d:123.54881;}i:386;a:6:{s:2:\"id\";s:4:\"7202\";s:11:\"province_id\";s:2:\"72\";s:4:\"name\";s:17:\"KABUPATEN BANGGAI\";s:8:\"alt_name\";s:17:\"KABUPATEN BANGGAI\";s:8:\"latitude\";d:-1.2835;s:9:\"longitude\";d:122.8892;}i:387;a:6:{s:2:\"id\";s:4:\"7203\";s:11:\"province_id\";s:2:\"72\";s:4:\"name\";s:18:\"KABUPATEN MOROWALI\";s:8:\"alt_name\";s:18:\"KABUPATEN MOROWALI\";s:8:\"latitude\";d:-1.89342;s:9:\"longitude\";d:121.25473;}i:388;a:6:{s:2:\"id\";s:4:\"7204\";s:11:\"province_id\";s:2:\"72\";s:4:\"name\";s:14:\"KABUPATEN POSO\";s:8:\"alt_name\";s:14:\"KABUPATEN POSO\";s:8:\"latitude\";d:-1.65;s:9:\"longitude\";d:120.5;}i:389;a:6:{s:2:\"id\";s:4:\"7205\";s:11:\"province_id\";s:2:\"72\";s:4:\"name\";s:18:\"KABUPATEN DONGGALA\";s:8:\"alt_name\";s:18:\"KABUPATEN DONGGALA\";s:8:\"latitude\";d:-0.58333;s:9:\"longitude\";d:119.85;}i:390;a:6:{s:2:\"id\";s:4:\"7206\";s:11:\"province_id\";s:2:\"72\";s:4:\"name\";s:19:\"KABUPATEN TOLI-TOLI\";s:8:\"alt_name\";s:19:\"KABUPATEN TOLI-TOLI\";s:8:\"latitude\";d:1.30862;s:9:\"longitude\";d:120.88643;}i:391;a:6:{s:2:\"id\";s:4:\"7207\";s:11:\"province_id\";s:2:\"72\";s:4:\"name\";s:14:\"KABUPATEN BUOL\";s:8:\"alt_name\";s:14:\"KABUPATEN BUOL\";s:8:\"latitude\";d:0.75;s:9:\"longitude\";d:120.75;}i:392;a:6:{s:2:\"id\";s:4:\"7208\";s:11:\"province_id\";s:2:\"72\";s:4:\"name\";s:24:\"KABUPATEN PARIGI MOUTONG\";s:8:\"alt_name\";s:24:\"KABUPATEN PARIGI MOUTONG\";s:8:\"latitude\";d:0.3368;s:9:\"longitude\";d:120.17841;}i:393;a:6:{s:2:\"id\";s:4:\"7209\";s:11:\"province_id\";s:2:\"72\";s:4:\"name\";s:22:\"KABUPATEN TOJO UNA-UNA\";s:8:\"alt_name\";s:22:\"KABUPATEN TOJO UNA-UNA\";s:8:\"latitude\";d:-1.2036;s:9:\"longitude\";d:121.48201;}i:394;a:6:{s:2:\"id\";s:4:\"7210\";s:11:\"province_id\";s:2:\"72\";s:4:\"name\";s:14:\"KABUPATEN SIGI\";s:8:\"alt_name\";s:14:\"KABUPATEN SIGI\";s:8:\"latitude\";d:-1.385;s:9:\"longitude\";d:119.96694;}i:395;a:6:{s:2:\"id\";s:4:\"7211\";s:11:\"province_id\";s:2:\"72\";s:4:\"name\";s:22:\"KABUPATEN BANGGAI LAUT\";s:8:\"alt_name\";s:22:\"KABUPATEN BANGGAI LAUT\";s:8:\"latitude\";d:-1.61841;s:9:\"longitude\";d:123.49388;}i:396;a:6:{s:2:\"id\";s:4:\"7212\";s:11:\"province_id\";s:2:\"72\";s:4:\"name\";s:24:\"KABUPATEN MOROWALI UTARA\";s:8:\"alt_name\";s:24:\"KABUPATEN MOROWALI UTARA\";s:8:\"latitude\";d:-1.7207;s:9:\"longitude\";d:121.24649;}i:397;a:6:{s:2:\"id\";s:4:\"7271\";s:11:\"province_id\";s:2:\"72\";s:4:\"name\";s:9:\"KOTA PALU\";s:8:\"alt_name\";s:9:\"KOTA PALU\";s:8:\"latitude\";d:-0.86972;s:9:\"longitude\";d:119.9;}i:398;a:6:{s:2:\"id\";s:4:\"7301\";s:11:\"province_id\";s:2:\"73\";s:4:\"name\";s:27:\"KABUPATEN KEPULAUAN SELAYAR\";s:8:\"alt_name\";s:27:\"KABUPATEN KEPULAUAN SELAYAR\";s:8:\"latitude\";d:-6.81667;s:9:\"longitude\";d:120.8;}i:399;a:6:{s:2:\"id\";s:4:\"7302\";s:11:\"province_id\";s:2:\"73\";s:4:\"name\";s:19:\"KABUPATEN BULUKUMBA\";s:8:\"alt_name\";s:19:\"KABUPATEN BULUKUMBA\";s:8:\"latitude\";d:-5.41667;s:9:\"longitude\";d:120.23333;}i:400;a:6:{s:2:\"id\";s:4:\"7303\";s:11:\"province_id\";s:2:\"73\";s:4:\"name\";s:18:\"KABUPATEN BANTAENG\";s:8:\"alt_name\";s:18:\"KABUPATEN BANTAENG\";s:8:\"latitude\";d:-5.48333;s:9:\"longitude\";d:119.98333;}i:401;a:6:{s:2:\"id\";s:4:\"7304\";s:11:\"province_id\";s:2:\"73\";s:4:\"name\";s:19:\"KABUPATEN JENEPONTO\";s:8:\"alt_name\";s:19:\"KABUPATEN JENEPONTO\";s:8:\"latitude\";d:-5.63333;s:9:\"longitude\";d:119.73333;}i:402;a:6:{s:2:\"id\";s:4:\"7305\";s:11:\"province_id\";s:2:\"73\";s:4:\"name\";s:17:\"KABUPATEN TAKALAR\";s:8:\"alt_name\";s:17:\"KABUPATEN TAKALAR\";s:8:\"latitude\";d:-5.41667;s:9:\"longitude\";d:119.51667;}i:403;a:6:{s:2:\"id\";s:4:\"7306\";s:11:\"province_id\";s:2:\"73\";s:4:\"name\";s:14:\"KABUPATEN GOWA\";s:8:\"alt_name\";s:14:\"KABUPATEN GOWA\";s:8:\"latitude\";d:-5.31667;s:9:\"longitude\";d:119.75;}i:404;a:6:{s:2:\"id\";s:4:\"7307\";s:11:\"province_id\";s:2:\"73\";s:4:\"name\";s:16:\"KABUPATEN SINJAI\";s:8:\"alt_name\";s:16:\"KABUPATEN SINJAI\";s:8:\"latitude\";d:-5.21667;s:9:\"longitude\";d:120.15;}i:405;a:6:{s:2:\"id\";s:4:\"7308\";s:11:\"province_id\";s:2:\"73\";s:4:\"name\";s:15:\"KABUPATEN MAROS\";s:8:\"alt_name\";s:15:\"KABUPATEN MAROS\";s:8:\"latitude\";d:-5.05;s:9:\"longitude\";d:119.71667;}i:406;a:6:{s:2:\"id\";s:4:\"7309\";s:11:\"province_id\";s:2:\"73\";s:4:\"name\";s:34:\"KABUPATEN PANGKAJENE DAN KEPULAUAN\";s:8:\"alt_name\";s:34:\"KABUPATEN PANGKAJENE DAN KEPULAUAN\";s:8:\"latitude\";d:-4.7827;s:9:\"longitude\";d:119.5506;}i:407;a:6:{s:2:\"id\";s:4:\"7310\";s:11:\"province_id\";s:2:\"73\";s:4:\"name\";s:15:\"KABUPATEN BARRU\";s:8:\"alt_name\";s:15:\"KABUPATEN BARRU\";s:8:\"latitude\";d:-4.43333;s:9:\"longitude\";d:119.68333;}i:408;a:6:{s:2:\"id\";s:4:\"7311\";s:11:\"province_id\";s:2:\"73\";s:4:\"name\";s:14:\"KABUPATEN BONE\";s:8:\"alt_name\";s:14:\"KABUPATEN BONE\";s:8:\"latitude\";d:-4.7;s:9:\"longitude\";d:120.13333;}i:409;a:6:{s:2:\"id\";s:4:\"7312\";s:11:\"province_id\";s:2:\"73\";s:4:\"name\";s:17:\"KABUPATEN SOPPENG\";s:8:\"alt_name\";s:17:\"KABUPATEN SOPPENG\";s:8:\"latitude\";d:-4.3842;s:9:\"longitude\";d:119.89;}i:410;a:6:{s:2:\"id\";s:4:\"7313\";s:11:\"province_id\";s:2:\"73\";s:4:\"name\";s:14:\"KABUPATEN WAJO\";s:8:\"alt_name\";s:14:\"KABUPATEN WAJO\";s:8:\"latitude\";i:-4;s:9:\"longitude\";d:120.16667;}i:411;a:6:{s:2:\"id\";s:4:\"7314\";s:11:\"province_id\";s:2:\"73\";s:4:\"name\";s:27:\"KABUPATEN SIDENRENG RAPPANG\";s:8:\"alt_name\";s:27:\"KABUPATEN SIDENRENG RAPPANG\";s:8:\"latitude\";d:-3.85;s:9:\"longitude\";d:119.96667;}i:412;a:6:{s:2:\"id\";s:4:\"7315\";s:11:\"province_id\";s:2:\"73\";s:4:\"name\";s:17:\"KABUPATEN PINRANG\";s:8:\"alt_name\";s:17:\"KABUPATEN PINRANG\";s:8:\"latitude\";d:-3.61667;s:9:\"longitude\";d:119.6;}i:413;a:6:{s:2:\"id\";s:4:\"7316\";s:11:\"province_id\";s:2:\"73\";s:4:\"name\";s:18:\"KABUPATEN ENREKANG\";s:8:\"alt_name\";s:18:\"KABUPATEN ENREKANG\";s:8:\"latitude\";d:-3.5;s:9:\"longitude\";d:119.86667;}i:414;a:6:{s:2:\"id\";s:4:\"7317\";s:11:\"province_id\";s:2:\"73\";s:4:\"name\";s:14:\"KABUPATEN LUWU\";s:8:\"alt_name\";s:14:\"KABUPATEN LUWU\";s:8:\"latitude\";d:-2.5577;s:9:\"longitude\";d:121.3242;}i:415;a:6:{s:2:\"id\";s:4:\"7318\";s:11:\"province_id\";s:2:\"73\";s:4:\"name\";s:21:\"KABUPATEN TANA TORAJA\";s:8:\"alt_name\";s:21:\"KABUPATEN TANA TORAJA\";s:8:\"latitude\";d:-3.0024;s:9:\"longitude\";d:119.79655;}i:416;a:6:{s:2:\"id\";s:4:\"7322\";s:11:\"province_id\";s:2:\"73\";s:4:\"name\";s:20:\"KABUPATEN LUWU UTARA\";s:8:\"alt_name\";s:20:\"KABUPATEN LUWU UTARA\";s:8:\"latitude\";d:-2.6;s:9:\"longitude\";d:120.25;}i:417;a:6:{s:2:\"id\";s:4:\"7325\";s:11:\"province_id\";s:2:\"73\";s:4:\"name\";s:20:\"KABUPATEN LUWU TIMUR\";s:8:\"alt_name\";s:20:\"KABUPATEN LUWU TIMUR\";s:8:\"latitude\";d:-2.50957;s:9:\"longitude\";d:120.3978;}i:418;a:6:{s:2:\"id\";s:4:\"7326\";s:11:\"province_id\";s:2:\"73\";s:4:\"name\";s:22:\"KABUPATEN TORAJA UTARA\";s:8:\"alt_name\";s:22:\"KABUPATEN TORAJA UTARA\";s:8:\"latitude\";d:-2.92738;s:9:\"longitude\";d:119.79218;}i:419;a:6:{s:2:\"id\";s:4:\"7371\";s:11:\"province_id\";s:2:\"73\";s:4:\"name\";s:13:\"KOTA MAKASSAR\";s:8:\"alt_name\";s:13:\"KOTA MAKASSAR\";s:8:\"latitude\";d:-5.15;s:9:\"longitude\";d:119.45;}i:420;a:6:{s:2:\"id\";s:4:\"7372\";s:11:\"province_id\";s:2:\"73\";s:4:\"name\";s:14:\"KOTA PARE-PARE\";s:8:\"alt_name\";s:14:\"KOTA PARE-PARE\";s:8:\"latitude\";d:-4.03333;s:9:\"longitude\";d:119.65;}i:421;a:6:{s:2:\"id\";s:4:\"7373\";s:11:\"province_id\";s:2:\"73\";s:4:\"name\";s:11:\"KOTA PALOPO\";s:8:\"alt_name\";s:11:\"KOTA PALOPO\";s:8:\"latitude\";d:-2.97841;s:9:\"longitude\";d:120.11078;}i:422;a:6:{s:2:\"id\";s:4:\"7401\";s:11:\"province_id\";s:2:\"74\";s:4:\"name\";s:15:\"KABUPATEN BUTON\";s:8:\"alt_name\";s:15:\"KABUPATEN BUTON\";s:8:\"latitude\";d:-5.31667;s:9:\"longitude\";d:122.58333;}i:423;a:6:{s:2:\"id\";s:4:\"7402\";s:11:\"province_id\";s:2:\"74\";s:4:\"name\";s:14:\"KABUPATEN MUNA\";s:8:\"alt_name\";s:14:\"KABUPATEN MUNA\";s:8:\"latitude\";d:-4.96667;s:9:\"longitude\";d:122.66667;}i:424;a:6:{s:2:\"id\";s:4:\"7403\";s:11:\"province_id\";s:2:\"74\";s:4:\"name\";s:16:\"KABUPATEN KONAWE\";s:8:\"alt_name\";s:16:\"KABUPATEN KONAWE\";s:8:\"latitude\";d:-3.91717;s:9:\"longitude\";d:122.08823;}i:425;a:6:{s:2:\"id\";s:4:\"7404\";s:11:\"province_id\";s:2:\"74\";s:4:\"name\";s:16:\"KABUPATEN KOLAKA\";s:8:\"alt_name\";s:16:\"KABUPATEN KOLAKA\";s:8:\"latitude\";d:-4.08333;s:9:\"longitude\";d:121.66667;}i:426;a:6:{s:2:\"id\";s:4:\"7405\";s:11:\"province_id\";s:2:\"74\";s:4:\"name\";s:24:\"KABUPATEN KONAWE SELATAN\";s:8:\"alt_name\";s:24:\"KABUPATEN KONAWE SELATAN\";s:8:\"latitude\";d:-4.19191;s:9:\"longitude\";d:122.44854;}i:427;a:6:{s:2:\"id\";s:4:\"7406\";s:11:\"province_id\";s:2:\"74\";s:4:\"name\";s:17:\"KABUPATEN BOMBANA\";s:8:\"alt_name\";s:17:\"KABUPATEN BOMBANA\";s:8:\"latitude\";d:-4.6257;s:9:\"longitude\";d:121.81641;}i:428;a:6:{s:2:\"id\";s:4:\"7407\";s:11:\"province_id\";s:2:\"74\";s:4:\"name\";s:18:\"KABUPATEN WAKATOBI\";s:8:\"alt_name\";s:18:\"KABUPATEN WAKATOBI\";s:8:\"latitude\";d:-5.31934;s:9:\"longitude\";d:123.5948;}i:429;a:6:{s:2:\"id\";s:4:\"7408\";s:11:\"province_id\";s:2:\"74\";s:4:\"name\";s:22:\"KABUPATEN KOLAKA UTARA\";s:8:\"alt_name\";s:22:\"KABUPATEN KOLAKA UTARA\";s:8:\"latitude\";d:-3.10452;s:9:\"longitude\";d:121.12427;}i:430;a:6:{s:2:\"id\";s:4:\"7409\";s:11:\"province_id\";s:2:\"74\";s:4:\"name\";s:21:\"KABUPATEN BUTON UTARA\";s:8:\"alt_name\";s:21:\"KABUPATEN BUTON UTARA\";s:8:\"latitude\";d:-5.01457;s:9:\"longitude\";d:122.93015;}i:431;a:6:{s:2:\"id\";s:4:\"7410\";s:11:\"province_id\";s:2:\"74\";s:4:\"name\";s:22:\"KABUPATEN KONAWE UTARA\";s:8:\"alt_name\";s:22:\"KABUPATEN KONAWE UTARA\";s:8:\"latitude\";d:-3.41552;s:9:\"longitude\";d:121.99081;}i:432;a:6:{s:2:\"id\";s:4:\"7411\";s:11:\"province_id\";s:2:\"74\";s:4:\"name\";s:22:\"KABUPATEN KOLAKA TIMUR\";s:8:\"alt_name\";s:22:\"KABUPATEN KOLAKA TIMUR\";s:8:\"latitude\";d:-4.01807;s:9:\"longitude\";d:121.86172;}i:433;a:6:{s:2:\"id\";s:4:\"7412\";s:11:\"province_id\";s:2:\"74\";s:4:\"name\";s:26:\"KABUPATEN KONAWE KEPULAUAN\";s:8:\"alt_name\";s:26:\"KABUPATEN KONAWE KEPULAUAN\";s:8:\"latitude\";d:-4.11656;s:9:\"longitude\";d:123.10181;}i:434;a:6:{s:2:\"id\";s:4:\"7413\";s:11:\"province_id\";s:2:\"74\";s:4:\"name\";s:20:\"KABUPATEN MUNA BARAT\";s:8:\"alt_name\";s:20:\"KABUPATEN MUNA BARAT\";s:8:\"latitude\";d:-4.83333;s:9:\"longitude\";d:122.48333;}i:435;a:6:{s:2:\"id\";s:4:\"7414\";s:11:\"province_id\";s:2:\"74\";s:4:\"name\";s:22:\"KABUPATEN BUTON TENGAH\";s:8:\"alt_name\";s:22:\"KABUPATEN BUTON TENGAH\";s:8:\"latitude\";d:-5.31667;s:9:\"longitude\";d:122.33333;}i:436;a:6:{s:2:\"id\";s:4:\"7415\";s:11:\"province_id\";s:2:\"74\";s:4:\"name\";s:23:\"KABUPATEN BUTON SELATAN\";s:8:\"alt_name\";s:23:\"KABUPATEN BUTON SELATAN\";s:8:\"latitude\";d:-5.56667;s:9:\"longitude\";d:122.7;}i:437;a:6:{s:2:\"id\";s:4:\"7471\";s:11:\"province_id\";s:2:\"74\";s:4:\"name\";s:12:\"KOTA KENDARI\";s:8:\"alt_name\";s:12:\"KOTA KENDARI\";s:8:\"latitude\";d:-3.98333;s:9:\"longitude\";d:122.5;}i:438;a:6:{s:2:\"id\";s:4:\"7472\";s:11:\"province_id\";s:2:\"74\";s:4:\"name\";s:11:\"KOTA BAUBAU\";s:8:\"alt_name\";s:11:\"KOTA BAUBAU\";s:8:\"latitude\";d:-5.477;s:9:\"longitude\";d:122.6166;}i:439;a:6:{s:2:\"id\";s:4:\"7501\";s:11:\"province_id\";s:2:\"75\";s:4:\"name\";s:17:\"KABUPATEN BOALEMO\";s:8:\"alt_name\";s:17:\"KABUPATEN BOALEMO\";s:8:\"latitude\";d:0.62689;s:9:\"longitude\";d:122.3568;}i:440;a:6:{s:2:\"id\";s:4:\"7502\";s:11:\"province_id\";s:2:\"75\";s:4:\"name\";s:19:\"KABUPATEN GORONTALO\";s:8:\"alt_name\";s:19:\"KABUPATEN GORONTALO\";s:8:\"latitude\";d:0.5728;s:9:\"longitude\";d:122.2337;}i:441;a:6:{s:2:\"id\";s:4:\"7503\";s:11:\"province_id\";s:2:\"75\";s:4:\"name\";s:18:\"KABUPATEN POHUWATO\";s:8:\"alt_name\";s:18:\"KABUPATEN POHUWATO\";s:8:\"latitude\";d:0.7098;s:9:\"longitude\";d:121.59582;}i:442;a:6:{s:2:\"id\";s:4:\"7504\";s:11:\"province_id\";s:2:\"75\";s:4:\"name\";s:22:\"KABUPATEN BONE BOLANGO\";s:8:\"alt_name\";s:22:\"KABUPATEN BONE BOLANGO\";s:8:\"latitude\";d:0.50296;s:9:\"longitude\";d:123.27501;}i:443;a:6:{s:2:\"id\";s:4:\"7505\";s:11:\"province_id\";s:2:\"75\";s:4:\"name\";s:25:\"KABUPATEN GORONTALO UTARA\";s:8:\"alt_name\";s:25:\"KABUPATEN GORONTALO UTARA\";s:8:\"latitude\";d:0.77;s:9:\"longitude\";d:122.31667;}i:444;a:6:{s:2:\"id\";s:4:\"7571\";s:11:\"province_id\";s:2:\"75\";s:4:\"name\";s:14:\"KOTA GORONTALO\";s:8:\"alt_name\";s:14:\"KOTA GORONTALO\";s:8:\"latitude\";d:0.53333;s:9:\"longitude\";d:123.1;}i:445;a:6:{s:2:\"id\";s:4:\"7601\";s:11:\"province_id\";s:2:\"76\";s:4:\"name\";s:16:\"KABUPATEN MAJENE\";s:8:\"alt_name\";s:16:\"KABUPATEN MAJENE\";s:8:\"latitude\";d:-3.15;s:9:\"longitude\";d:118.86667;}i:446;a:6:{s:2:\"id\";s:4:\"7602\";s:11:\"province_id\";s:2:\"76\";s:4:\"name\";s:25:\"KABUPATEN POLEWALI MANDAR\";s:8:\"alt_name\";s:25:\"KABUPATEN POLEWALI MANDAR\";s:8:\"latitude\";d:-3.3;s:9:\"longitude\";d:119.16667;}i:447;a:6:{s:2:\"id\";s:4:\"7603\";s:11:\"province_id\";s:2:\"76\";s:4:\"name\";s:16:\"KABUPATEN MAMASA\";s:8:\"alt_name\";s:16:\"KABUPATEN MAMASA\";s:8:\"latitude\";d:-2.96492;s:9:\"longitude\";d:119.30631;}i:448;a:6:{s:2:\"id\";s:4:\"7604\";s:11:\"province_id\";s:2:\"76\";s:4:\"name\";s:16:\"KABUPATEN MAMUJU\";s:8:\"alt_name\";s:16:\"KABUPATEN MAMUJU\";s:8:\"latitude\";d:-2.5;s:9:\"longitude\";d:119.41667;}i:449;a:6:{s:2:\"id\";s:4:\"7605\";s:11:\"province_id\";s:2:\"76\";s:4:\"name\";s:22:\"KABUPATEN MAMUJU UTARA\";s:8:\"alt_name\";s:22:\"KABUPATEN MAMUJU UTARA\";s:8:\"latitude\";d:-1.51639;s:9:\"longitude\";d:119.42139;}i:450;a:6:{s:2:\"id\";s:4:\"7606\";s:11:\"province_id\";s:2:\"76\";s:4:\"name\";s:23:\"KABUPATEN MAMUJU TENGAH\";s:8:\"alt_name\";s:23:\"KABUPATEN MAMUJU TENGAH\";s:8:\"latitude\";d:-2.8212;s:9:\"longitude\";d:119.2662;}i:451;a:6:{s:2:\"id\";s:4:\"8101\";s:11:\"province_id\";s:2:\"81\";s:4:\"name\";s:31:\"KABUPATEN MALUKU TENGGARA BARAT\";s:8:\"alt_name\";s:31:\"KABUPATEN MALUKU TENGGARA BARAT\";s:8:\"latitude\";d:-7.61186;s:9:\"longitude\";d:131.38;}i:452;a:6:{s:2:\"id\";s:4:\"8102\";s:11:\"province_id\";s:2:\"81\";s:4:\"name\";s:25:\"KABUPATEN MALUKU TENGGARA\";s:8:\"alt_name\";s:25:\"KABUPATEN MALUKU TENGGARA\";s:8:\"latitude\";d:-5.75;s:9:\"longitude\";d:132.73334;}i:453;a:6:{s:2:\"id\";s:4:\"8103\";s:11:\"province_id\";s:2:\"81\";s:4:\"name\";s:23:\"KABUPATEN MALUKU TENGAH\";s:8:\"alt_name\";s:23:\"KABUPATEN MALUKU TENGAH\";s:8:\"latitude\";d:-3.29167;s:9:\"longitude\";d:128.9675;}i:454;a:6:{s:2:\"id\";s:4:\"8104\";s:11:\"province_id\";s:2:\"81\";s:4:\"name\";s:14:\"KABUPATEN BURU\";s:8:\"alt_name\";s:14:\"KABUPATEN BURU\";s:8:\"latitude\";d:-3.32767;s:9:\"longitude\";d:126.68413;}i:455;a:6:{s:2:\"id\";s:4:\"8105\";s:11:\"province_id\";s:2:\"81\";s:4:\"name\";s:23:\"KABUPATEN KEPULAUAN ARU\";s:8:\"alt_name\";s:23:\"KABUPATEN KEPULAUAN ARU\";s:8:\"latitude\";d:-6.17059;s:9:\"longitude\";d:134.46991;}i:456;a:6:{s:2:\"id\";s:4:\"8106\";s:11:\"province_id\";s:2:\"81\";s:4:\"name\";s:28:\"KABUPATEN SERAM BAGIAN BARAT\";s:8:\"alt_name\";s:28:\"KABUPATEN SERAM BAGIAN BARAT\";s:8:\"latitude\";d:-3.1027;s:9:\"longitude\";d:128.42996;}i:457;a:6:{s:2:\"id\";s:4:\"8107\";s:11:\"province_id\";s:2:\"81\";s:4:\"name\";s:28:\"KABUPATEN SERAM BAGIAN TIMUR\";s:8:\"alt_name\";s:28:\"KABUPATEN SERAM BAGIAN TIMUR\";s:8:\"latitude\";d:-3.39851;s:9:\"longitude\";d:130.39166;}i:458;a:6:{s:2:\"id\";s:4:\"8108\";s:11:\"province_id\";s:2:\"81\";s:4:\"name\";s:27:\"KABUPATEN MALUKU BARAT DAYA\";s:8:\"alt_name\";s:27:\"KABUPATEN MALUKU BARAT DAYA\";s:8:\"latitude\";d:-7.8296;s:9:\"longitude\";d:126.17386;}i:459;a:6:{s:2:\"id\";s:4:\"8109\";s:11:\"province_id\";s:2:\"81\";s:4:\"name\";s:22:\"KABUPATEN BURU SELATAN\";s:8:\"alt_name\";s:22:\"KABUPATEN BURU SELATAN\";s:8:\"latitude\";d:-3.52187;s:9:\"longitude\";d:126.59271;}i:460;a:6:{s:2:\"id\";s:4:\"8171\";s:11:\"province_id\";s:2:\"81\";s:4:\"name\";s:10:\"KOTA AMBON\";s:8:\"alt_name\";s:10:\"KOTA AMBON\";s:8:\"latitude\";d:-3.7;s:9:\"longitude\";d:128.18333;}i:461;a:6:{s:2:\"id\";s:4:\"8172\";s:11:\"province_id\";s:2:\"81\";s:4:\"name\";s:9:\"KOTA TUAL\";s:8:\"alt_name\";s:9:\"KOTA TUAL\";s:8:\"latitude\";d:-5.64301;s:9:\"longitude\";d:132.74934;}i:462;a:6:{s:2:\"id\";s:4:\"8201\";s:11:\"province_id\";s:2:\"82\";s:4:\"name\";s:25:\"KABUPATEN HALMAHERA BARAT\";s:8:\"alt_name\";s:25:\"KABUPATEN HALMAHERA BARAT\";s:8:\"latitude\";d:1.41709;s:9:\"longitude\";d:127.55264;}i:463;a:6:{s:2:\"id\";s:4:\"8202\";s:11:\"province_id\";s:2:\"82\";s:4:\"name\";s:26:\"KABUPATEN HALMAHERA TENGAH\";s:8:\"alt_name\";s:26:\"KABUPATEN HALMAHERA TENGAH\";s:8:\"latitude\";d:0.48056;s:9:\"longitude\";d:128.25;}i:464;a:6:{s:2:\"id\";s:4:\"8203\";s:11:\"province_id\";s:2:\"82\";s:4:\"name\";s:24:\"KABUPATEN KEPULAUAN SULA\";s:8:\"alt_name\";s:24:\"KABUPATEN KEPULAUAN SULA\";s:8:\"latitude\";d:-1.8646;s:9:\"longitude\";d:125.69046;}i:465;a:6:{s:2:\"id\";s:4:\"8204\";s:11:\"province_id\";s:2:\"82\";s:4:\"name\";s:27:\"KABUPATEN HALMAHERA SELATAN\";s:8:\"alt_name\";s:27:\"KABUPATEN HALMAHERA SELATAN\";s:8:\"latitude\";d:-0.3955;s:9:\"longitude\";d:127.90833;}i:466;a:6:{s:2:\"id\";s:4:\"8205\";s:11:\"province_id\";s:2:\"82\";s:4:\"name\";s:25:\"KABUPATEN HALMAHERA UTARA\";s:8:\"alt_name\";s:25:\"KABUPATEN HALMAHERA UTARA\";s:8:\"latitude\";d:1.73194;s:9:\"longitude\";d:128.00778;}i:467;a:6:{s:2:\"id\";s:4:\"8206\";s:11:\"province_id\";s:2:\"82\";s:4:\"name\";s:25:\"KABUPATEN HALMAHERA TIMUR\";s:8:\"alt_name\";s:25:\"KABUPATEN HALMAHERA TIMUR\";s:8:\"latitude\";d:1.33517;s:9:\"longitude\";d:128.48627;}i:468;a:6:{s:2:\"id\";s:4:\"8207\";s:11:\"province_id\";s:2:\"82\";s:4:\"name\";s:23:\"KABUPATEN PULAU MOROTAI\";s:8:\"alt_name\";s:23:\"KABUPATEN PULAU MOROTAI\";s:8:\"latitude\";d:2.19924;s:9:\"longitude\";d:128.40546;}i:469;a:6:{s:2:\"id\";s:4:\"8208\";s:11:\"province_id\";s:2:\"82\";s:4:\"name\";s:23:\"KABUPATEN PULAU TALIABU\";s:8:\"alt_name\";s:23:\"KABUPATEN PULAU TALIABU\";s:8:\"latitude\";d:-1.84578;s:9:\"longitude\";d:124.78992;}i:470;a:6:{s:2:\"id\";s:4:\"8271\";s:11:\"province_id\";s:2:\"82\";s:4:\"name\";s:12:\"KOTA TERNATE\";s:8:\"alt_name\";s:12:\"KOTA TERNATE\";s:8:\"latitude\";d:0.89618;s:9:\"longitude\";d:127.31016;}i:471;a:6:{s:2:\"id\";s:4:\"8272\";s:11:\"province_id\";s:2:\"82\";s:4:\"name\";s:21:\"KOTA TIDORE KEPULAUAN\";s:8:\"alt_name\";s:21:\"KOTA TIDORE KEPULAUAN\";s:8:\"latitude\";d:0.60962;s:9:\"longitude\";d:127.56981;}i:472;a:6:{s:2:\"id\";s:4:\"9101\";s:11:\"province_id\";s:2:\"91\";s:4:\"name\";s:17:\"KABUPATEN FAK-FAK\";s:8:\"alt_name\";s:17:\"KABUPATEN FAK-FAK\";s:8:\"latitude\";d:-2.92641;s:9:\"longitude\";d:132.29608;}i:473;a:6:{s:2:\"id\";s:4:\"9102\";s:11:\"province_id\";s:2:\"91\";s:4:\"name\";s:17:\"KABUPATEN KAIMANA\";s:8:\"alt_name\";s:17:\"KABUPATEN KAIMANA\";s:8:\"latitude\";d:-3.66093;s:9:\"longitude\";d:133.77451;}i:474;a:6:{s:2:\"id\";s:4:\"9103\";s:11:\"province_id\";s:2:\"91\";s:4:\"name\";s:23:\"KABUPATEN TELUK WONDAMA\";s:8:\"alt_name\";s:23:\"KABUPATEN TELUK WONDAMA\";s:8:\"latitude\";d:-2.7;s:9:\"longitude\";d:134.5;}i:475;a:6:{s:2:\"id\";s:4:\"9104\";s:11:\"province_id\";s:2:\"91\";s:4:\"name\";s:23:\"KABUPATEN TELUK BINTUNI\";s:8:\"alt_name\";s:23:\"KABUPATEN TELUK BINTUNI\";s:8:\"latitude\";d:-1.88037;s:9:\"longitude\";d:133.33105;}i:476;a:6:{s:2:\"id\";s:4:\"9105\";s:11:\"province_id\";s:2:\"91\";s:4:\"name\";s:19:\"KABUPATEN MANOKWARI\";s:8:\"alt_name\";s:19:\"KABUPATEN MANOKWARI\";s:8:\"latitude\";d:-0.9;s:9:\"longitude\";d:133.75;}i:477;a:6:{s:2:\"id\";s:4:\"9106\";s:11:\"province_id\";s:2:\"91\";s:4:\"name\";s:24:\"KABUPATEN SORONG SELATAN\";s:8:\"alt_name\";s:24:\"KABUPATEN SORONG SELATAN\";s:8:\"latitude\";d:-1.50495;s:9:\"longitude\";d:132.28638;}i:478;a:6:{s:2:\"id\";s:4:\"9107\";s:11:\"province_id\";s:2:\"91\";s:4:\"name\";s:16:\"KABUPATEN SORONG\";s:8:\"alt_name\";s:16:\"KABUPATEN SORONG\";s:8:\"latitude\";d:-1.16667;s:9:\"longitude\";d:131.5;}i:479;a:6:{s:2:\"id\";s:4:\"9108\";s:11:\"province_id\";s:2:\"91\";s:4:\"name\";s:20:\"KABUPATEN RAJA AMPAT\";s:8:\"alt_name\";s:20:\"KABUPATEN RAJA AMPAT\";s:8:\"latitude\";d:-0.5;s:9:\"longitude\";i:130;}i:480;a:6:{s:2:\"id\";s:4:\"9109\";s:11:\"province_id\";s:2:\"91\";s:4:\"name\";s:18:\"KABUPATEN TAMBRAUW\";s:8:\"alt_name\";s:18:\"KABUPATEN TAMBRAUW\";s:8:\"latitude\";d:-0.60515;s:9:\"longitude\";d:132.48962;}i:481;a:6:{s:2:\"id\";s:4:\"9110\";s:11:\"province_id\";s:2:\"91\";s:4:\"name\";s:17:\"KABUPATEN MAYBRAT\";s:8:\"alt_name\";s:17:\"KABUPATEN MAYBRAT\";s:8:\"latitude\";d:-1.2155;s:9:\"longitude\";d:132.35092;}i:482;a:6:{s:2:\"id\";s:4:\"9111\";s:11:\"province_id\";s:2:\"91\";s:4:\"name\";s:27:\"KABUPATEN MANOKWARI SELATAN\";s:8:\"alt_name\";s:27:\"KABUPATEN MANOKWARI SELATAN\";s:8:\"latitude\";d:-1.0798;s:9:\"longitude\";d:133.96729;}i:483;a:6:{s:2:\"id\";s:4:\"9112\";s:11:\"province_id\";s:2:\"91\";s:4:\"name\";s:26:\"KABUPATEN PEGUNUNGAN ARFAK\";s:8:\"alt_name\";s:26:\"KABUPATEN PEGUNUNGAN ARFAK\";s:8:\"latitude\";d:-0.93523;s:9:\"longitude\";d:133.89587;}i:484;a:6:{s:2:\"id\";s:4:\"9171\";s:11:\"province_id\";s:2:\"91\";s:4:\"name\";s:11:\"KOTA SORONG\";s:8:\"alt_name\";s:11:\"KOTA SORONG\";s:8:\"latitude\";d:-0.86507;s:9:\"longitude\";d:131.25153;}i:485;a:6:{s:2:\"id\";s:4:\"9401\";s:11:\"province_id\";s:2:\"94\";s:4:\"name\";s:17:\"KABUPATEN MERAUKE\";s:8:\"alt_name\";s:17:\"KABUPATEN MERAUKE\";s:8:\"latitude\";d:-7.66667;s:9:\"longitude\";d:139.66667;}i:486;a:6:{s:2:\"id\";s:4:\"9402\";s:11:\"province_id\";s:2:\"94\";s:4:\"name\";s:20:\"KABUPATEN JAYAWIJAYA\";s:8:\"alt_name\";s:20:\"KABUPATEN JAYAWIJAYA\";s:8:\"latitude\";d:-4.08333;s:9:\"longitude\";d:139.08333;}i:487;a:6:{s:2:\"id\";s:4:\"9403\";s:11:\"province_id\";s:2:\"94\";s:4:\"name\";s:18:\"KABUPATEN JAYAPURA\";s:8:\"alt_name\";s:18:\"KABUPATEN JAYAPURA\";s:8:\"latitude\";i:-3;s:9:\"longitude\";d:139.95;}i:488;a:6:{s:2:\"id\";s:4:\"9404\";s:11:\"province_id\";s:2:\"94\";s:4:\"name\";s:16:\"KABUPATEN NABIRE\";s:8:\"alt_name\";s:16:\"KABUPATEN NABIRE\";s:8:\"latitude\";d:-3.54016;s:9:\"longitude\";d:135.55511;}i:489;a:6:{s:2:\"id\";s:4:\"9408\";s:11:\"province_id\";s:2:\"94\";s:4:\"name\";s:25:\"KABUPATEN KEPULAUAN YAPEN\";s:8:\"alt_name\";s:25:\"KABUPATEN KEPULAUAN YAPEN\";s:8:\"latitude\";d:-1.78773;s:9:\"longitude\";d:136.27716;}i:490;a:6:{s:2:\"id\";s:4:\"9409\";s:11:\"province_id\";s:2:\"94\";s:4:\"name\";s:21:\"KABUPATEN BIAK NUMFOR\";s:8:\"alt_name\";s:21:\"KABUPATEN BIAK NUMFOR\";s:8:\"latitude\";d:-1.03333;s:9:\"longitude\";i:136;}i:491;a:6:{s:2:\"id\";s:4:\"9410\";s:11:\"province_id\";s:2:\"94\";s:4:\"name\";s:16:\"KABUPATEN PANIAI\";s:8:\"alt_name\";s:16:\"KABUPATEN PANIAI\";s:8:\"latitude\";d:-3.9;s:9:\"longitude\";d:136.60001;}i:492;a:6:{s:2:\"id\";s:4:\"9411\";s:11:\"province_id\";s:2:\"94\";s:4:\"name\";s:21:\"KABUPATEN PUNCAK JAYA\";s:8:\"alt_name\";s:21:\"KABUPATEN PUNCAK JAYA\";s:8:\"latitude\";d:-3.67241;s:9:\"longitude\";d:137.43896;}i:493;a:6:{s:2:\"id\";s:4:\"9412\";s:11:\"province_id\";s:2:\"94\";s:4:\"name\";s:16:\"KABUPATEN MIMIKA\";s:8:\"alt_name\";s:16:\"KABUPATEN MIMIKA\";s:8:\"latitude\";d:-4.54357;s:9:\"longitude\";d:136.56555;}i:494;a:6:{s:2:\"id\";s:4:\"9413\";s:11:\"province_id\";s:2:\"94\";s:4:\"name\";s:22:\"KABUPATEN BOVEN DIGOEL\";s:8:\"alt_name\";s:22:\"KABUPATEN BOVEN DIGOEL\";s:8:\"latitude\";d:-5.70519;s:9:\"longitude\";d:140.36349;}i:495;a:6:{s:2:\"id\";s:4:\"9414\";s:11:\"province_id\";s:2:\"94\";s:4:\"name\";s:15:\"KABUPATEN MAPPI\";s:8:\"alt_name\";s:15:\"KABUPATEN MAPPI\";s:8:\"latitude\";d:-6.49971;s:9:\"longitude\";d:139.34441;}i:496;a:6:{s:2:\"id\";s:4:\"9415\";s:11:\"province_id\";s:2:\"94\";s:4:\"name\";s:15:\"KABUPATEN ASMAT\";s:8:\"alt_name\";s:15:\"KABUPATEN ASMAT\";s:8:\"latitude\";d:-5.3795;s:9:\"longitude\";d:138.46344;}i:497;a:6:{s:2:\"id\";s:4:\"9416\";s:11:\"province_id\";s:2:\"94\";s:4:\"name\";s:18:\"KABUPATEN YAHUKIMO\";s:8:\"alt_name\";s:18:\"KABUPATEN YAHUKIMO\";s:8:\"latitude\";d:-4.60403;s:9:\"longitude\";d:139.58405;}i:498;a:6:{s:2:\"id\";s:4:\"9417\";s:11:\"province_id\";s:2:\"94\";s:4:\"name\";s:28:\"KABUPATEN PEGUNUNGAN BINTANG\";s:8:\"alt_name\";s:28:\"KABUPATEN PEGUNUNGAN BINTANG\";s:8:\"latitude\";d:-4.52167;s:9:\"longitude\";d:140.29541;}i:499;a:6:{s:2:\"id\";s:4:\"9418\";s:11:\"province_id\";s:2:\"94\";s:4:\"name\";s:18:\"KABUPATEN TOLIKARA\";s:8:\"alt_name\";s:18:\"KABUPATEN TOLIKARA\";s:8:\"latitude\";d:-3.42661;s:9:\"longitude\";d:137.41699;}i:500;a:6:{s:2:\"id\";s:4:\"9419\";s:11:\"province_id\";s:2:\"94\";s:4:\"name\";s:15:\"KABUPATEN SARMI\";s:8:\"alt_name\";s:15:\"KABUPATEN SARMI\";s:8:\"latitude\";d:-2.41667;s:9:\"longitude\";d:139.08333;}i:501;a:6:{s:2:\"id\";s:4:\"9420\";s:11:\"province_id\";s:2:\"94\";s:4:\"name\";s:16:\"KABUPATEN KEEROM\";s:8:\"alt_name\";s:16:\"KABUPATEN KEEROM\";s:8:\"latitude\";d:-3.3;s:9:\"longitude\";d:140.61667;}i:502;a:6:{s:2:\"id\";s:4:\"9426\";s:11:\"province_id\";s:2:\"94\";s:4:\"name\";s:17:\"KABUPATEN WAROPEN\";s:8:\"alt_name\";s:17:\"KABUPATEN WAROPEN\";s:8:\"latitude\";d:-2.286;s:9:\"longitude\";d:137.01837;}i:503;a:6:{s:2:\"id\";s:4:\"9427\";s:11:\"province_id\";s:2:\"94\";s:4:\"name\";s:17:\"KABUPATEN SUPIORI\";s:8:\"alt_name\";s:17:\"KABUPATEN SUPIORI\";s:8:\"latitude\";d:-0.73881;s:9:\"longitude\";d:135.61111;}i:504;a:6:{s:2:\"id\";s:4:\"9428\";s:11:\"province_id\";s:2:\"94\";s:4:\"name\";s:24:\"KABUPATEN MAMBERAMO RAYA\";s:8:\"alt_name\";s:24:\"KABUPATEN MAMBERAMO RAYA\";s:8:\"latitude\";d:-2.23561;s:9:\"longitude\";d:137.78229;}i:505;a:6:{s:2:\"id\";s:4:\"9429\";s:11:\"province_id\";s:2:\"94\";s:4:\"name\";s:15:\"KABUPATEN NDUGA\";s:8:\"alt_name\";s:15:\"KABUPATEN NDUGA\";s:8:\"latitude\";d:-4.45093;s:9:\"longitude\";d:138.10089;}i:506;a:6:{s:2:\"id\";s:4:\"9430\";s:11:\"province_id\";s:2:\"94\";s:4:\"name\";s:20:\"KABUPATEN LANNY JAYA\";s:8:\"alt_name\";s:20:\"KABUPATEN LANNY JAYA\";s:8:\"latitude\";d:-3.91244;s:9:\"longitude\";d:138.28766;}i:507;a:6:{s:2:\"id\";s:4:\"9431\";s:11:\"province_id\";s:2:\"94\";s:4:\"name\";s:26:\"KABUPATEN MAMBERAMO TENGAH\";s:8:\"alt_name\";s:26:\"KABUPATEN MAMBERAMO TENGAH\";s:8:\"latitude\";d:-2.46064;s:9:\"longitude\";d:138.45245;}i:508;a:6:{s:2:\"id\";s:4:\"9432\";s:11:\"province_id\";s:2:\"94\";s:4:\"name\";s:16:\"KABUPATEN YALIMO\";s:8:\"alt_name\";s:16:\"KABUPATEN YALIMO\";s:8:\"latitude\";d:-3.86037;s:9:\"longitude\";d:138.47305;}i:509;a:6:{s:2:\"id\";s:4:\"9433\";s:11:\"province_id\";s:2:\"94\";s:4:\"name\";s:16:\"KABUPATEN PUNCAK\";s:8:\"alt_name\";s:16:\"KABUPATEN PUNCAK\";s:8:\"latitude\";d:-4.14204;s:9:\"longitude\";d:137.09702;}i:510;a:6:{s:2:\"id\";s:4:\"9434\";s:11:\"province_id\";s:2:\"94\";s:4:\"name\";s:17:\"KABUPATEN DOGIYAI\";s:8:\"alt_name\";s:17:\"KABUPATEN DOGIYAI\";s:8:\"latitude\";d:-4.03186;s:9:\"longitude\";d:135.43945;}i:511;a:6:{s:2:\"id\";s:4:\"9435\";s:11:\"province_id\";s:2:\"94\";s:4:\"name\";s:20:\"KABUPATEN INTAN JAYA\";s:8:\"alt_name\";s:20:\"KABUPATEN INTAN JAYA\";s:8:\"latitude\";d:-3.41016;s:9:\"longitude\";d:136.70837;}i:512;a:6:{s:2:\"id\";s:4:\"9436\";s:11:\"province_id\";s:2:\"94\";s:4:\"name\";s:16:\"KABUPATEN DEIYAI\";s:8:\"alt_name\";s:16:\"KABUPATEN DEIYAI\";s:8:\"latitude\";d:-3.94737;s:9:\"longitude\";d:135.95032;}i:513;a:6:{s:2:\"id\";s:4:\"9471\";s:11:\"province_id\";s:2:\"94\";s:4:\"name\";s:13:\"KOTA JAYAPURA\";s:8:\"alt_name\";s:13:\"KOTA JAYAPURA\";s:8:\"latitude\";d:-2.64647;s:9:\"longitude\";d:140.77779;}}', 1772305938);

-- --------------------------------------------------------

--
-- Table structure for table `cache_locks`
--

CREATE TABLE `cache_locks` (
  `key` varchar(255) NOT NULL,
  `owner` varchar(255) NOT NULL,
  `expiration` int(11) DEFAULT NULL
) ENGINE=InnoDB DEFAULT CHARSET=utf8mb4 COLLATE=utf8mb4_general_ci;

-- --------------------------------------------------------

--
-- Table structure for table `departments`
--

CREATE TABLE `departments` (
  `id` bigint(20) UNSIGNED NOT NULL,
  `code` varchar(10) NOT NULL,
  `name` varchar(255) NOT NULL,
  `active` tinyint(1) DEFAULT 1,
  `created_at` timestamp NULL DEFAULT NULL,
  `updated_at` timestamp NULL DEFAULT NULL
) ENGINE=InnoDB DEFAULT CHARSET=utf8mb4 COLLATE=utf8mb4_general_ci;

--
-- Dumping data for table `departments`
--

INSERT INTO `departments` (`id`, `code`, `name`, `active`, `created_at`, `updated_at`) VALUES
(1, 'HR', 'Human Resources', 1, '2026-02-21 10:15:46', '2026-02-21 10:15:46'),
(2, 'FIN', 'Finance', 1, '2026-02-21 10:15:46', '2026-02-21 10:15:46'),
(3, 'OPS', 'Operations', 1, '2026-02-21 10:15:46', '2026-02-21 10:15:46'),
(4, 'IT', 'Information Technology', 1, '2026-02-21 10:15:46', '2026-02-21 10:15:46'),
(5, 'HR', 'Human Resources', 1, '2026-02-21 10:15:46', '2026-02-21 10:15:46'),
(6, 'FIN', 'Finance', 1, '2026-02-21 10:15:46', '2026-02-21 10:15:46'),
(7, 'OPS', 'Operations', 1, '2026-02-21 10:15:46', '2026-02-21 10:15:46'),
(8, 'IT', 'Information Technology', 1, '2026-02-21 10:15:46', '2026-02-21 10:15:46');

-- --------------------------------------------------------

--
-- Table structure for table `failed_jobs`
--

CREATE TABLE `failed_jobs` (
  `id` bigint(20) UNSIGNED NOT NULL,
  `uuid` varchar(255) NOT NULL,
  `connection` text NOT NULL,
  `queue` text NOT NULL,
  `payload` longtext NOT NULL,
  `exception` longtext NOT NULL,
  `failed_at` timestamp NOT NULL DEFAULT current_timestamp()
) ENGINE=InnoDB DEFAULT CHARSET=utf8mb4 COLLATE=utf8mb4_unicode_ci;

-- --------------------------------------------------------

--
-- Table structure for table `migrations`
--

CREATE TABLE `migrations` (
  `id` int(11) NOT NULL,
  `migration` varchar(255) NOT NULL,
  `batch` int(11) NOT NULL
) ENGINE=InnoDB DEFAULT CHARSET=utf8mb4 COLLATE=utf8mb4_general_ci;

--
-- Dumping data for table `migrations`
--

INSERT INTO `migrations` (`id`, `migration`, `batch`) VALUES
(1, '0001_01_01_000000_create_users_table', 1),
(2, '0001_01_01_000001_create_cache_table', 1),
(3, '0001_01_01_000002_create_jobs_table', 1),
(4, '2026_02_21_000001_add_role_to_users_table', 2),
(5, '2026_02_21_100000_create_sppd_requests_table', 3),
(6, '2026_02_21_100100_create_sppd_expenses_table', 3),
(7, '2026_02_21_100200_create_sppd_attachments_table', 3),
(8, '2026_02_21_100300_create_sppd_approvals_table', 3),
(9, '2026_02_21_110000_create_departments_table', 4),
(10, '2026_02_21_110100_create_travel_categories_table', 4),
(11, '0001_01_01_000000_create_users_table', 1),
(12, '0001_01_01_000001_create_cache_table', 1),
(13, '0001_01_01_000002_create_jobs_table', 1),
(14, '2026_02_21_000001_add_role_to_users_table', 2),
(15, '2026_02_21_100000_create_sppd_requests_table', 3),
(16, '2026_02_21_100100_create_sppd_expenses_table', 3),
(17, '2026_02_21_100200_create_sppd_attachments_table', 3),
(18, '2026_02_21_100300_create_sppd_approvals_table', 3),
(19, '2026_02_21_110000_create_departments_table', 4),
(20, '2026_02_21_110100_create_travel_categories_table', 4),
(21, '2014_10_12_100000_create_password_reset_tokens_table', 5),
(22, '2019_08_19_000000_create_failed_jobs_table', 5),
(23, '2019_12_14_000001_create_personal_access_tokens_table', 5);

-- --------------------------------------------------------

--
-- Table structure for table `password_reset_tokens`
--

CREATE TABLE `password_reset_tokens` (
  `email` varchar(255) NOT NULL,
  `token` varchar(255) NOT NULL,
  `created_at` timestamp NULL DEFAULT NULL
) ENGINE=InnoDB DEFAULT CHARSET=utf8mb4 COLLATE=utf8mb4_general_ci;

--
-- Dumping data for table `password_reset_tokens`
--

INSERT INTO `password_reset_tokens` (`email`, `token`, `created_at`) VALUES
('rizkisurya32@gmail.com', '$2y$12$/urQ3M7JdsLVbLsiYsT4zuo2XqgLVTBMyLCZ1TIH/oLgO/4gwOLjm', '2026-02-21 09:08:48');

-- --------------------------------------------------------

--
-- Table structure for table `personal_access_tokens`
--

CREATE TABLE `personal_access_tokens` (
  `id` bigint(20) UNSIGNED NOT NULL,
  `tokenable_type` varchar(255) NOT NULL,
  `tokenable_id` bigint(20) UNSIGNED NOT NULL,
  `name` varchar(255) NOT NULL,
  `token` varchar(64) NOT NULL,
  `abilities` text DEFAULT NULL,
  `last_used_at` timestamp NULL DEFAULT NULL,
  `expires_at` timestamp NULL DEFAULT NULL,
  `created_at` timestamp NULL DEFAULT NULL,
  `updated_at` timestamp NULL DEFAULT NULL
) ENGINE=InnoDB DEFAULT CHARSET=utf8mb4 COLLATE=utf8mb4_unicode_ci;

-- --------------------------------------------------------

--
-- Table structure for table `sessions`
--

CREATE TABLE `sessions` (
  `id` varchar(255) NOT NULL,
  `user_id` bigint(20) UNSIGNED DEFAULT NULL,
  `ip_address` varchar(45) DEFAULT NULL,
  `user_agent` text DEFAULT NULL,
  `payload` longtext NOT NULL,
  `last_activity` int(11) NOT NULL
) ENGINE=InnoDB DEFAULT CHARSET=utf8mb4 COLLATE=utf8mb4_general_ci;

--
-- Dumping data for table `sessions`
--

INSERT INTO `sessions` (`id`, `user_id`, `ip_address`, `user_agent`, `payload`, `last_activity`) VALUES
('Cdiq50qvU8gBjFBe9ZsDYzkhUCQgTisIlq6CVzi4', NULL, '127.0.0.1', 'Mozilla/5.0 (Windows NT 10.0; Win64; x64) AppleWebKit/537.36 (KHTML, like Gecko) Chrome/145.0.0.0 Safari/537.36', 'YTozOntzOjY6Il90b2tlbiI7czo0MDoianlBOXA2aFZtZzRDTjVkQTg5Rk1Lcmx4eWNnR3lwZDZ4Rm5pRzNMZSI7czo5OiJfcHJldmlvdXMiO2E6Mjp7czozOiJ1cmwiO3M6MjI6Imh0dHA6Ly9zcHBkLnRlc3QvbG9naW4iO3M6NToicm91dGUiO3M6NToibG9naW4iO31zOjY6Il9mbGFzaCI7YToyOntzOjM6Im9sZCI7YTowOnt9czozOiJuZXciO2E6MDp7fX19', 1772417325),
('sLMoCOQFAaIOEhEhba9peqCs6ikAUYbXheLIfm6F', NULL, '127.0.0.1', 'Mozilla/5.0 (Macintosh; Intel Mac OS X 10_15_7) AppleWebKit/537.36 (KHTML, like Gecko) Chrome/145.0.0.0 Safari/537.36', 'YTozOntzOjY6Il90b2tlbiI7czo0MDoidVM2aGZNWGtSdzB0NVhzcUdGR2E3MW9rTjlGRVFLWTBUSzJob3E3YiI7czo5OiJfcHJldmlvdXMiO2E6Mjp7czozOiJ1cmwiO3M6Mjc6Imh0dHA6Ly8xMjcuMC4wLjE6ODAwMS9sb2dpbiI7czo1OiJyb3V0ZSI7czo1OiJsb2dpbiI7fXM6NjoiX2ZsYXNoIjthOjI6e3M6Mzoib2xkIjthOjA6e31zOjM6Im5ldyI7YTowOnt9fX0=', 1772198303),
('Yi7pldJr2IAR2U5KNKC9xXouhZzLqIriCJU7jIEZ', 4, '127.0.0.1', 'Mozilla/5.0 (Macintosh; Intel Mac OS X 10_15_7) AppleWebKit/537.36 (KHTML, like Gecko) Chrome/145.0.0.0 Safari/537.36', 'YTo0OntzOjY6Il90b2tlbiI7czo0MDoiWkhwZkFVak5uZ0VlbTJoS2RmMU12SWZreWZJOGlqREg2MXhST0s5dCI7czo2OiJfZmxhc2giO2E6Mjp7czozOiJvbGQiO2E6MDp7fXM6MzoibmV3IjthOjA6e319czo5OiJfcHJldmlvdXMiO2E6Mjp7czozOiJ1cmwiO3M6MzE6Imh0dHA6Ly8xMjcuMC4wLjE6ODAwMS9kYXNoYm9hcmQiO3M6NToicm91dGUiO3M6OToiZGFzaGJvYXJkIjt9czo1MDoibG9naW5fd2ViXzU5YmEzNmFkZGMyYjJmOTQwMTU4MGYwMTRjN2Y1OGVhNGUzMDk4OWQiO2k6NDt9', 1772199118);

-- --------------------------------------------------------

--
-- Table structure for table `sppd_approvals`
--

CREATE TABLE `sppd_approvals` (
  `id` bigint(20) UNSIGNED NOT NULL,
  `sppd_id` bigint(20) UNSIGNED NOT NULL,
  `approver_id` bigint(20) UNSIGNED DEFAULT NULL,
  `status` enum('diajukan','disetujui','ditolak') NOT NULL,
  `catatan` text DEFAULT NULL,
  `acted_at` timestamp NULL DEFAULT NULL,
  `created_at` timestamp NULL DEFAULT NULL,
  `updated_at` timestamp NULL DEFAULT NULL
) ENGINE=InnoDB DEFAULT CHARSET=utf8mb4 COLLATE=utf8mb4_general_ci;

-- --------------------------------------------------------

--
-- Table structure for table `sppd_attachments`
--

CREATE TABLE `sppd_attachments` (
  `id` bigint(20) UNSIGNED NOT NULL,
  `sppd_id` bigint(20) UNSIGNED NOT NULL,
  `jenis` varchar(50) DEFAULT NULL,
  `path` varchar(255) DEFAULT NULL,
  `ukuran` int(11) DEFAULT NULL,
  `mime` varchar(100) DEFAULT NULL,
  `uploaded_by` bigint(20) UNSIGNED DEFAULT NULL,
  `uploaded_at` timestamp NULL DEFAULT NULL,
  `created_at` timestamp NULL DEFAULT NULL,
  `updated_at` timestamp NULL DEFAULT NULL
) ENGINE=InnoDB DEFAULT CHARSET=utf8mb4 COLLATE=utf8mb4_general_ci;

-- --------------------------------------------------------

--
-- Table structure for table `sppd_expenses`
--

CREATE TABLE `sppd_expenses` (
  `id` bigint(20) UNSIGNED NOT NULL,
  `sppd_id` bigint(20) UNSIGNED NOT NULL,
  `kategori` varchar(50) DEFAULT NULL,
  `deskripsi` text DEFAULT NULL,
  `jumlah` decimal(15,2) DEFAULT 0.00,
  `mata_uang` varchar(10) DEFAULT 'IDR',
  `tanggal` date DEFAULT NULL,
  `travel_category_id` bigint(20) UNSIGNED DEFAULT NULL,
  `created_at` timestamp NULL DEFAULT NULL,
  `updated_at` timestamp NULL DEFAULT NULL
) ENGINE=InnoDB DEFAULT CHARSET=utf8mb4 COLLATE=utf8mb4_general_ci;

--
-- Dumping data for table `sppd_expenses`
--

INSERT INTO `sppd_expenses` (`id`, `sppd_id`, `kategori`, `deskripsi`, `jumlah`, `mata_uang`, `tanggal`, `travel_category_id`, `created_at`, `updated_at`) VALUES
(1, 2, 'harian', NULL, 2.00, 'IDR', '2026-02-21', NULL, '2026-02-21 09:45:07', '2026-02-21 09:45:07'),
(2, 2, 'transport', NULL, 0.02, 'IDR', '2026-02-21', NULL, '2026-02-21 09:45:22', '2026-02-21 09:45:22'),
(3, 5, 'harian', NULL, 0.03, 'IDR', '2026-02-22', NULL, '2026-02-21 10:04:02', '2026-02-21 10:04:02'),
(4, 6, 'akomodasi', NULL, 12312.00, 'IDR', '2026-02-22', NULL, '2026-02-21 10:16:59', '2026-02-21 10:16:59'),
(5, 7, 'transport', NULL, 121.00, 'IDR', '2026-02-22', NULL, '2026-02-21 11:40:55', '2026-02-21 11:40:55'),
(6, 11, 'lainnya', NULL, 1500.00, 'IDR', '2026-02-23', NULL, '2026-02-21 13:19:03', '2026-02-21 13:19:03'),
(7, 12, 'akomodasi', NULL, 1211.00, 'IDR', '2026-02-22', NULL, '2026-02-21 13:22:04', '2026-02-21 13:22:04');

-- --------------------------------------------------------

--
-- Table structure for table `sppd_requests`
--

CREATE TABLE `sppd_requests` (
  `id` bigint(20) UNSIGNED NOT NULL,
  `kode` varchar(50) NOT NULL,
  `pegawai_id` bigint(20) UNSIGNED NOT NULL,
  `tujuan` varchar(255) DEFAULT NULL,
  `kota` varchar(255) DEFAULT NULL,
  `negara` varchar(255) DEFAULT NULL,
  `tanggal_berangkat` date DEFAULT NULL,
  `tanggal_pulang` date DEFAULT NULL,
  `lama_hari` int(11) DEFAULT NULL,
  `maksud_perjalanan` text DEFAULT NULL,
  `status` enum('draft','diajukan','disetujui','ditolak') DEFAULT 'draft',
  `alasan_penolakan` text DEFAULT NULL,
  `disetujui_oleh` bigint(20) UNSIGNED DEFAULT NULL,
  `disetujui_pada` timestamp NULL DEFAULT NULL,
  `siap_bayar` tinyint(1) DEFAULT 0,
  `department_id` bigint(20) UNSIGNED DEFAULT NULL,
  `created_at` timestamp NULL DEFAULT NULL,
  `updated_at` timestamp NULL DEFAULT NULL
) ENGINE=InnoDB DEFAULT CHARSET=utf8mb4 COLLATE=utf8mb4_general_ci;

ALTER TABLE `sppd_requests` ADD `jenis_perjalanan` varchar(255) NOT NULL DEFAULT 'non_diklat' AFTER `negara`;
ALTER TABLE `sppd_requests` ADD `jenis_surat` varchar(255) NOT NULL DEFAULT 'surat_tugas' AFTER `jenis_perjalanan`;
ALTER TABLE `sppd_requests` ADD `sumber_anggaran` longtext AFTER `jenis_surat`;
ALTER TABLE `sppd_requests` ADD `transportasi` longtext AFTER `sumber_anggaran`;
ALTER TABLE `sppd_requests` ADD `pejabat_perintah_id` bigint(20) unsigned DEFAULT NULL AFTER `transportasi`;
ALTER TABLE `sppd_requests` ADD KEY `jenis_perjalanan` (`jenis_perjalanan`);
ALTER TABLE `sppd_requests` ADD KEY `sppd_requests_pejabat_perintah_id_foreign` (`pejabat_perintah_id`);
ALTER TABLE `sppd_requests` ADD CONSTRAINT `sppd_requests_pejabat_perintah_id_foreign` FOREIGN KEY (`pejabat_perintah_id`) REFERENCES `users` (`id`) ON DELETE SET NULL;

--
-- Dumping data for table `sppd_requests`
--

INSERT INTO `sppd_requests` (`id`, `kode`, `pegawai_id`, `tujuan`, `kota`, `negara`, `tanggal_berangkat`, `tanggal_pulang`, `lama_hari`, `maksud_perjalanan`, `status`, `alasan_penolakan`, `disetujui_oleh`, `disetujui_pada`, `siap_bayar`, `department_id`, `created_at`, `updated_at`) VALUES
(1, 'SPPD-20260221-011', 3, 'MElakukan Perjalanan dians', 'Jakarta, Indonesia', 'Indonesia', '2026-02-22', '2026-02-24', 3, 'nonafa', 'disetujui', NULL, 1, '2026-02-21 13:20:05', 0, NULL, '2026-02-21 13:18:51', '2026-02-21 13:20:05'),
(2, 'SPPD-20260221-012', 3, 'bebe', 'Kabupaten Boyolali', 'Indonesia', '2026-02-23', '2026-02-27', 5, 'wejoewf jwf', 'disetujui', NULL, 1, '2026-02-21 13:23:22', 0, NULL, '2026-02-21 13:21:33', '2026-02-21 13:23:22'),
(3, 'SPPD-20260227-013', 4, 'MElakukan Perjalanan dinas', 'Kota Surabaya', 'Indonesia', '2026-02-27', '2026-02-28', 2, 'ksoadn asokcnasc aocnoasc osa skaocsa ksao cksa c', 'disetujui', NULL, 1, '2026-02-27 06:30:48', 0, NULL, '2026-02-27 06:26:25', '2026-02-27 06:30:48'),
(4, 'SPPD-20260221-001', 2, 'Jakarta', NULL, NULL, '2026-02-20', '2026-02-21', 2, 'TESTING', 'draft', NULL, NULL, NULL, 0, NULL, '2026-02-21 09:41:50', '2026-02-21 09:41:50'),
(5, 'SPPD-20260221-002', 2, 'Jakarta', NULL, NULL, '2026-02-21', '2026-02-22', 2, 'TESTINTDSJISB', 'disetujui', NULL, 2, '2026-02-21 09:45:14', 0, NULL, '2026-02-21 09:44:52', '2026-02-21 09:45:14'),
(6, 'SPPD-20260221-003', 1, 'Jakarta', NULL, NULL, '2026-02-21', '2026-02-21', 2, 'asbjisabcsacb', 'disetujui', NULL, 1, '2026-02-21 09:52:17', 0, NULL, '2026-02-21 09:51:20', '2026-02-21 09:52:17'),
(7, 'SPPD-20260221-004', 3, 'Jakarta', NULL, NULL, '2026-02-21', '2026-02-22', 3, 'fk wc ewlf', 'diajukan', NULL, NULL, NULL, 0, NULL, '2026-02-21 09:57:00', '2026-02-21 09:57:20'),
(8, 'SPPD-20260221-005', 3, 'Jakarta', NULL, NULL, '2026-02-22', '2026-02-23', 2, 'fejk wefjew', 'disetujui', NULL, 1, '2026-02-21 10:04:51', 0, NULL, '2026-02-21 10:03:53', '2026-02-21 10:04:51'),
(9, 'SPPD-20260221-006', 3, 'Jakarta', NULL, NULL, '2026-02-22', '2026-02-24', 2, 'dwfkn fe2f', 'ditolak', 'jelek', 1, '2026-02-21 10:18:10', 0, NULL, '2026-02-21 10:16:49', '2026-02-21 10:18:10'),
(10, 'SPPD-20260221-007', 3, 'Jakarta', NULL, NULL, '2026-02-22', '2026-02-23', 2, 'inowacsnasc', 'draft', NULL, NULL, NULL, 0, NULL, '2026-02-21 11:40:15', '2026-02-21 11:40:15'),
(11, 'SPPD-20260221-008', 3, 'jab wq', NULL, NULL, '2026-02-22', '2026-02-23', 2, 'odnowefwn', 'draft', NULL, NULL, NULL, 0, NULL, '2026-02-21 11:45:27', '2026-02-21 11:45:27'),
(12, 'SPPD-20260221-009', 3, 'Jakarta', 'wfdwq', 'fwqf', '2026-02-15', '2026-02-22', 8, 'sacn sakcns', 'draft', NULL, NULL, NULL, 0, NULL, '2026-02-21 11:52:28', '2026-02-21 11:52:28');

-- --------------------------------------------------------

--
-- Table structure for table `travel_categories`
--

CREATE TABLE `travel_categories` (
  `id` bigint(20) UNSIGNED NOT NULL,
  `code` varchar(10) NOT NULL,
  `name` varchar(255) NOT NULL,
  `active` tinyint(1) DEFAULT 1,
  `created_at` timestamp NULL DEFAULT NULL,
  `updated_at` timestamp NULL DEFAULT NULL
) ENGINE=InnoDB DEFAULT CHARSET=utf8mb4 COLLATE=utf8mb4_general_ci;

--
-- Dumping data for table `travel_categories`
--

INSERT INTO `travel_categories` (`id`, `code`, `name`, `active`, `created_at`, `updated_at`) VALUES
(1, 'TRN', 'Transport', 1, '2026-02-21 10:15:46', '2026-02-21 10:15:46'),
(2, 'AKM', 'Akomodasi', 1, '2026-02-21 10:15:46', '2026-02-21 10:15:46'),
(3, 'HRN', 'Harian', 1, '2026-02-21 10:15:46', '2026-02-21 10:15:46'),
(4, 'OTH', 'Lainnya', 1, '2026-02-21 10:15:46', '2026-02-21 10:15:46');

-- --------------------------------------------------------

--
-- Table structure for table `users`
--

CREATE TABLE `users` (
  `id` bigint(20) UNSIGNED NOT NULL,
  `name` varchar(255) NOT NULL,
  `email` varchar(255) NOT NULL,
  `email_verified_at` timestamp NULL DEFAULT NULL,
  `password` varchar(255) NOT NULL,
  `remember_token` varchar(100) DEFAULT NULL,
  `role` enum('admin','manager','pegawai') DEFAULT 'pegawai',
  `created_at` timestamp NULL DEFAULT NULL,
  `updated_at` timestamp NULL DEFAULT NULL
) ENGINE=InnoDB DEFAULT CHARSET=utf8mb4 COLLATE=utf8mb4_general_ci;

--
-- Dumping data for table `users`
--

INSERT INTO `users` (`id`, `name`, `email`, `email_verified_at`, `password`, `remember_token`, `role`, `created_at`, `updated_at`) VALUES
(1, 'Administrator', 'admin@example.com', NULL, '$2y$12$gVdsEyorfebzylBOLctWDe3urkEpDM.1c8X74ZUcUk4f8IrN2a5ja', NULL, 'admin', '2026-02-21 08:57:48', '2026-02-21 08:57:48'),
(2, 'Manager', 'manager@example.com', NULL, '$2y$12$2YRao01P5iRXzKPViMlTSOCaPmPSsfx3QhZBcL1H3vg6pgfo6kyI.', NULL, 'manager', '2026-02-21 08:57:48', '2026-02-21 08:57:48'),
(3, 'abdi', 'abdinegara@gmail.com', NULL, '$2y$12$wBz78pL9DQlWFzeqWtfSW.FJMuBwJBUklgmiEDpKkwHIRs3H7ifNe', NULL, 'pegawai', '2026-02-21 09:08:31', '2026-02-21 09:08:31'),
(4, 'budi', 'budi@gmail.com', NULL, '$2y$12$pHGF6gUMbH2H7t7eLBtEcONI4C/phuES8K69EuZHmJy7psGJWvT5q', NULL, 'pegawai', '2026-02-27 06:25:08', '2026-02-27 06:25:08');

--
-- Indexes for dumped tables
--

--
-- Indexes for table `cache`
--
ALTER TABLE `cache`
  ADD PRIMARY KEY (`key`),
  ADD KEY `expiration` (`expiration`);

--
-- Indexes for table `cache_locks`
--
ALTER TABLE `cache_locks`
  ADD PRIMARY KEY (`key`),
  ADD KEY `expiration` (`expiration`);

--
-- Indexes for table `departments`
--
ALTER TABLE `departments`
  ADD PRIMARY KEY (`id`);

--
-- Indexes for table `failed_jobs`
--
ALTER TABLE `failed_jobs`
  ADD PRIMARY KEY (`id`),
  ADD UNIQUE KEY `failed_jobs_uuid_unique` (`uuid`);

--
-- Indexes for table `migrations`
--
ALTER TABLE `migrations`
  ADD PRIMARY KEY (`id`);

--
-- Indexes for table `password_reset_tokens`
--
ALTER TABLE `password_reset_tokens`
  ADD PRIMARY KEY (`email`);

--
-- Indexes for table `personal_access_tokens`
--
ALTER TABLE `personal_access_tokens`
  ADD PRIMARY KEY (`id`),
  ADD UNIQUE KEY `personal_access_tokens_token_unique` (`token`),
  ADD KEY `personal_access_tokens_tokenable_type_tokenable_id_index` (`tokenable_type`,`tokenable_id`);

--
-- Indexes for table `sessions`
--
ALTER TABLE `sessions`
  ADD PRIMARY KEY (`id`),
  ADD KEY `user_id` (`user_id`);

--
-- Indexes for table `sppd_approvals`
--
ALTER TABLE `sppd_approvals`
  ADD PRIMARY KEY (`id`),
  ADD KEY `sppd_id` (`sppd_id`),
  ADD KEY `approver_id` (`approver_id`);

--
-- Indexes for table `sppd_attachments`
--
ALTER TABLE `sppd_attachments`
  ADD PRIMARY KEY (`id`),
  ADD KEY `sppd_id` (`sppd_id`),
  ADD KEY `uploaded_by` (`uploaded_by`);

--
-- Indexes for table `sppd_expenses`
--
ALTER TABLE `sppd_expenses`
  ADD PRIMARY KEY (`id`),
  ADD KEY `sppd_id` (`sppd_id`),
  ADD KEY `travel_category_id` (`travel_category_id`);

--
-- Indexes for table `sppd_requests`
--
ALTER TABLE `sppd_requests`
  ADD PRIMARY KEY (`id`),
  ADD KEY `pegawai_id` (`pegawai_id`),
  ADD KEY `disetujui_oleh` (`disetujui_oleh`),
  ADD KEY `department_id` (`department_id`);

--
-- Indexes for table `travel_categories`
--
ALTER TABLE `travel_categories`
  ADD PRIMARY KEY (`id`);

--
-- Indexes for table `users`
--
ALTER TABLE `users`
  ADD PRIMARY KEY (`id`),
  ADD UNIQUE KEY `email` (`email`);

--
-- AUTO_INCREMENT for dumped tables
--

--
-- AUTO_INCREMENT for table `departments`
--
ALTER TABLE `departments`
  MODIFY `id` bigint(20) UNSIGNED NOT NULL AUTO_INCREMENT, AUTO_INCREMENT=9;

--
-- AUTO_INCREMENT for table `failed_jobs`
--
ALTER TABLE `failed_jobs`
  MODIFY `id` bigint(20) UNSIGNED NOT NULL AUTO_INCREMENT;

--
-- AUTO_INCREMENT for table `migrations`
--
ALTER TABLE `migrations`
  MODIFY `id` int(11) NOT NULL AUTO_INCREMENT, AUTO_INCREMENT=24;

--
-- AUTO_INCREMENT for table `personal_access_tokens`
--
ALTER TABLE `personal_access_tokens`
  MODIFY `id` bigint(20) UNSIGNED NOT NULL AUTO_INCREMENT;

--
-- AUTO_INCREMENT for table `sppd_approvals`
--
ALTER TABLE `sppd_approvals`
  MODIFY `id` bigint(20) UNSIGNED NOT NULL AUTO_INCREMENT, AUTO_INCREMENT=21;

--
-- AUTO_INCREMENT for table `sppd_attachments`
--
ALTER TABLE `sppd_attachments`
  MODIFY `id` bigint(20) UNSIGNED NOT NULL AUTO_INCREMENT;

--
-- AUTO_INCREMENT for table `sppd_expenses`
--
ALTER TABLE `sppd_expenses`
  MODIFY `id` bigint(20) UNSIGNED NOT NULL AUTO_INCREMENT, AUTO_INCREMENT=8;

--
-- AUTO_INCREMENT for table `sppd_requests`
--
ALTER TABLE `sppd_requests`
  MODIFY `id` bigint(20) UNSIGNED NOT NULL AUTO_INCREMENT, AUTO_INCREMENT=13;

--
-- AUTO_INCREMENT for table `travel_categories`
--
ALTER TABLE `travel_categories`
  MODIFY `id` bigint(20) UNSIGNED NOT NULL AUTO_INCREMENT, AUTO_INCREMENT=5;

--
-- AUTO_INCREMENT for table `users`
--
ALTER TABLE `users`
  MODIFY `id` bigint(20) UNSIGNED NOT NULL AUTO_INCREMENT, AUTO_INCREMENT=5;

--
-- Constraints for dumped tables
--

--
-- Constraints for table `sessions`
--
ALTER TABLE `sessions`
  ADD CONSTRAINT `sessions_ibfk_1` FOREIGN KEY (`user_id`) REFERENCES `users` (`id`);

--
-- Constraints for table `sppd_approvals`
--
ALTER TABLE `sppd_approvals`
  ADD CONSTRAINT `sppd_approvals_ibfk_1` FOREIGN KEY (`sppd_id`) REFERENCES `sppd_requests` (`id`) ON DELETE CASCADE,
  ADD CONSTRAINT `sppd_approvals_ibfk_2` FOREIGN KEY (`approver_id`) REFERENCES `users` (`id`);

--
-- Constraints for table `sppd_attachments`
--
ALTER TABLE `sppd_attachments`
  ADD CONSTRAINT `sppd_attachments_ibfk_1` FOREIGN KEY (`sppd_id`) REFERENCES `sppd_requests` (`id`) ON DELETE CASCADE,
  ADD CONSTRAINT `sppd_attachments_ibfk_2` FOREIGN KEY (`uploaded_by`) REFERENCES `users` (`id`);

--
-- Constraints for table `sppd_expenses`
--
ALTER TABLE `sppd_expenses`
  ADD CONSTRAINT `sppd_expenses_ibfk_1` FOREIGN KEY (`sppd_id`) REFERENCES `sppd_requests` (`id`) ON DELETE CASCADE,
  ADD CONSTRAINT `sppd_expenses_ibfk_2` FOREIGN KEY (`travel_category_id`) REFERENCES `travel_categories` (`id`);

--
-- Constraints for table `sppd_requests`
--
ALTER TABLE `sppd_requests`
  ADD CONSTRAINT `sppd_requests_ibfk_1` FOREIGN KEY (`pegawai_id`) REFERENCES `users` (`id`),
  ADD CONSTRAINT `sppd_requests_ibfk_2` FOREIGN KEY (`disetujui_oleh`) REFERENCES `users` (`id`),
  ADD CONSTRAINT `sppd_requests_ibfk_3` FOREIGN KEY (`department_id`) REFERENCES `departments` (`id`);
COMMIT;

/*!40101 SET CHARACTER_SET_CLIENT=@OLD_CHARACTER_SET_CLIENT */;
/*!40101 SET CHARACTER_SET_RESULTS=@OLD_CHARACTER_SET_RESULTS */;
/*!40101 SET COLLATION_CONNECTION=@OLD_COLLATION_CONNECTION */;
